time,accelerometer_x,accelerometer_y,accelerometer_z,gyro_x,gyro_y,gyro_z
1567977298.7311068,0.027349948753096456,0.0,9.81,0.0,0.0,9.81
1567977298.831153,0.02171742285788767,0.0,9.81,0.0,0.0,9.81
1567977298.9313328,0.016979028087170746,0.0,9.81,0.0,0.0,9.81
1567977299.0311046,0.01397839723450737,0.0,9.81,0.0,0.0,9.81
1567977299.1312094,0.013639407932963792,0.0,9.81,0.0,0.0,9.81
1567977299.2312875,0.006078445831199489,0.0,9.81,0.0,0.0,9.81
1567977299.3311083,0.01541153068975568,0.0,9.81,0.0,0.0,9.81
1567977299.4313014,0.02471593804246808,0.0,9.81,0.0,0.0,9.81
1567977299.5312715,0.029639257103024192,0.0,9.81,0.0,0.0,9.81
1567977299.6311655,0.03381823914217307,0.0,9.81,0.0,0.0,9.81
1567977299.731352,0.03499859512162146,0.0,9.81,0.0,0.0,9.81
1567977299.8312855,0.03929394484777575,0.0,9.81,0.0,0.0,9.81
1567977299.9311283,0.03503606834004835,0.0,9.81,0.0,0.0,9.81
1567977300.031236,0.02453456772177667,0.0,9.81,0.0,0.0,9.81
1567977300.131123,0.018326082628372688,0.0,9.81,0.0,0.0,9.81
1567977300.2311075,0.012821077082238333,0.0,9.81,0.0,0.0,9.81
1567977300.3311672,0.009600835350902842,0.0,9.81,0.0,0.0,9.81
1567977300.4311764,0.005601070281623777,0.0,9.81,0.0,0.0,9.81
1567977300.5311205,0.006022378915080609,0.0,9.81,0.0,0.0,9.81
1567977300.6311808,0.004107263205196006,0.0,9.81,0.0,0.0,9.81
1567977300.731261,0.015841232607691963,0.0,9.81,0.0,0.0,9.81
1567977300.8311703,0.02517171379365401,0.0,9.81,0.0,0.0,9.81
1567977300.9312623,0.029106583138366275,0.0,9.81,0.0,0.0,9.81
1567977301.0311325,0.03349112790870699,0.0,9.81,0.0,0.0,9.81
1567977301.1311471,0.0344654771504397,0.0,9.81,0.0,0.0,9.81
1567977301.2312422,0.035031170759577464,0.0,9.81,0.0,0.0,9.81
1567977301.331165,0.027456544742098715,0.0,9.81,0.0,0.0,9.81
1567977301.4312172,0.017034383553570367,0.0,9.81,0.0,0.0,9.81
1567977301.5312178,0.010250542176521833,0.0,9.81,0.0,0.0,9.81
1567977301.6311543,0.0049396264864275,0.0,9.81,0.0,0.0,9.81
1567977301.7312062,0.0018668038109171904,0.0,9.81,0.0,0.0,9.81
1567977301.8311007,0.00017072621267146814,0.0,9.81,0.0,0.0,9.81
1567977301.9311914,0.003995367541040764,0.0,9.81,0.0,0.0,9.81
1567977302.0312185,0.012237896165987791,0.0,9.81,0.0,0.0,9.81
1567977302.1312726,0.019429044699071342,0.0,9.81,0.0,0.0,9.81
1567977302.2311895,0.024767472316361533,0.0,9.81,0.0,0.0,9.81
1567977302.3312778,0.028130384992086165,0.0,9.81,0.0,0.0,9.81
1567977302.4313486,0.029917513826880508,0.0,9.81,0.0,0.0,9.81
1567977302.531294,0.02767543452027411,0.0,9.81,0.0,0.0,9.81
1567977302.6311417,0.0208311987763436,0.0,9.81,0.0,0.0,9.81
1567977302.7311785,0.01307941898515594,0.0,9.81,0.0,0.0,9.81
1567977302.83118,0.006631457113836632,0.0,9.81,0.0,0.0,9.81
1567977302.9312499,0.002027107351823645,0.0,9.81,0.0,0.0,9.81
1567977303.0311105,-0.0009299084388284484,0.0,9.81,0.0,0.0,9.81
1567977303.1312873,-0.0007605000059209033,0.0,9.81,0.0,0.0,9.81
1567977303.2311215,0.003656768778432422,0.0,9.81,0.0,0.0,9.81
1567977303.3312273,0.010253786435476826,0.0,9.81,0.0,0.0,9.81
1567977303.4312496,0.016503188601310514,0.0,9.81,0.0,0.0,9.81
1567977303.5311944,0.021237364708041467,0.0,9.81,0.0,0.0,9.81
1567977303.6312509,0.024361367554924556,0.0,9.81,0.0,0.0,9.81
1567977303.7311845,0.02491772617281015,0.0,9.81,0.0,0.0,9.81
1567977303.831119,0.02171692416900058,0.0,9.81,0.0,0.0,9.81
1567977303.931195,0.015670918390091233,0.0,9.81,0.0,0.0,9.81
1567977304.0312376,0.008997525198120826,0.0,9.81,0.0,0.0,9.81
1567977304.1312046,0.0033032950276002285,0.0,9.81,0.0,0.0,9.81
1567977304.2313018,-0.0009328434198218361,0.0,9.81,0.0,0.0,9.81
1567977304.3312097,-0.0029679571218018453,0.0,9.81,0.0,0.0,9.81
1567977304.4312434,-0.0017552344953547562,0.0,9.81,0.0,0.0,9.81
1567977304.5312667,0.0025396866077501555,0.0,9.81,0.0,0.0,9.81
1567977304.631209,0.008285650059851123,0.0,9.81,0.0,0.0,9.81
1567977304.7313187,0.013736261167570945,0.0,9.81,0.0,0.0,9.81
1567977304.8311477,0.018009704607214162,0.0,9.81,0.0,0.0,9.81
1567977304.9312239,0.020417955005428753,0.0,9.81,0.0,0.0,9.81
1567977305.0312347,0.01999976384889948,0.0,9.81,0.0,0.0,9.81
1567977305.131172,0.016524309072032537,0.0,9.81,0.0,0.0,9.81
1567977305.231286,0.011032490039388136,0.0,9.81,0.0,0.0,9.81
1567977305.331156,0.005148688221012208,0.0,9.81,0.0,0.0,9.81
1567977305.4312038,4.164171146328499e-05,0.0,9.81,0.0,0.0,9.81
1567977305.5312238,-0.0035243090502002873,0.0,9.81,0.0,0.0,9.81
1567977305.6311922,-0.004668889107942391,0.0,9.81,0.0,0.0,9.81
1567977305.731237,-0.0028994329614525326,0.0,9.81,0.0,0.0,9.81
1567977305.8312192,0.001193618981188962,0.0,9.81,0.0,0.0,9.81
1567977305.9311366,0.006326187212331007,0.0,9.81,0.0,0.0,9.81
1567977306.03111,0.011172668275444124,0.0,9.81,0.0,0.0,9.81
1567977306.1311846,0.014820609822807711,0.0,9.81,0.0,0.0,9.81
1567977306.2311141,0.016449266200543492,0.0,9.81,0.0,0.0,9.81
1567977306.3312883,0.015387075669697197,0.0,9.81,0.0,0.0,9.81
1567977306.431345,0.011853523524475093,0.0,9.81,0.0,0.0,9.81
1567977306.5313368,0.006815241801900811,0.0,9.81,0.0,0.0,9.81
1567977306.6311612,0.0015205064430809047,0.0,9.81,0.0,0.0,9.81
1567977306.7311375,-0.0029651272570821166,0.0,9.81,0.0,0.0,9.81
1567977306.8313255,-0.005795830620656801,0.0,9.81,0.0,0.0,9.81
1567977306.9311867,-0.006232328770632876,0.0,9.81,0.0,0.0,9.81
1567977307.0313678,-0.004168670619500432,0.0,9.81,0.0,0.0,9.81
1567977307.1311076,-0.00027463425937710893,0.0,9.81,0.0,0.0,9.81
1567977307.23117,0.004347455709392847,0.0,9.81,0.0,0.0,9.81
1567977307.331251,0.008629773871438288,0.0,9.81,0.0,0.0,9.81
1567977307.4311016,0.0115977816913599,0.0,9.81,0.0,0.0,9.81
1567977307.531147,0.012510464642328571,0.0,9.81,0.0,0.0,9.81
1567977307.6310997,0.011030890915354377,0.0,9.81,0.0,0.0,9.81
1567977307.7311566,0.007533242043169821,0.0,9.81,0.0,0.0,9.81
1567977307.8313482,0.002887997746469182,0.0,9.81,0.0,0.0,9.81
1567977307.931278,-0.0018698646106378191,0.0,9.81,0.0,0.0,9.81
1567977308.0312073,-0.0057063161940222075,0.0,9.81,0.0,0.0,9.81
1567977308.1312587,-0.007838374274274288,0.0,9.81,0.0,0.0,9.81
1567977308.2311246,-0.007728186717857426,0.0,9.81,0.0,0.0,9.81
1567977308.3311133,-0.0055086581876038565,0.0,9.81,0.0,0.0,9.81
1567977308.4312594,-0.0018487176158595276,0.0,9.81,0.0,0.0,9.81
1567977308.5312285,0.0023528766147336458,0.0,9.81,0.0,0.0,9.81
1567977308.631234,0.006053342672220197,0.0,9.81,0.0,0.0,9.81
1567977308.7312253,0.008394124175252529,0.0,9.81,0.0,0.0,9.81
1567977308.8312206,0.0087373578560603,0.0,9.81,0.0,0.0,9.81
1567977308.9311762,0.006948373113030044,0.0,9.81,0.0,0.0,9.81
1567977309.0311606,0.0035184786510656352,0.0,9.81,0.0,0.0,9.81
1567977309.1311572,-0.0007845790941006215,0.0,9.81,0.0,0.0,9.81
1567977309.2313025,-0.005012638211617145,0.0,9.81,0.0,0.0,9.81
1567977309.3312132,-0.008228891806607238,0.0,9.81,0.0,0.0,9.81
1567977309.431217,-0.009737496580472396,0.0,9.81,0.0,0.0,9.81
1567977309.531274,-0.009238882838339037,0.0,9.81,0.0,0.0,9.81
1567977309.6311562,-0.006942011060426126,0.0,9.81,0.0,0.0,9.81
1567977309.731274,-0.0034760939961022076,0.0,9.81,0.0,0.0,9.81
1567977309.831237,0.00028662370994780417,0.0,9.81,0.0,0.0,9.81
1567977309.9311416,0.0034290232563846247,0.0,9.81,0.0,0.0,9.81
1567977310.0313556,0.005178506006756863,0.0,9.81,0.0,0.0,9.81
1567977310.131246,0.0050784201377237536,0.0,9.81,0.0,0.0,9.81
1567977310.2313392,0.0031333699553087514,0.0,9.81,0.0,0.0,9.81
1567977310.331236,-0.00021935106313449636,0.0,9.81,0.0,0.0,9.81
1567977310.431186,-0.004178620452190387,0.0,9.81,0.0,0.0,9.81
1567977310.5311944,-0.00790068300268743,0.0,9.81,0.0,0.0,9.81
1567977310.6312501,-0.0105563810532189,0.0,9.81,0.0,0.0,9.81
1567977310.7313433,-0.011565082243014614,0.0,9.81,0.0,0.0,9.81
1567977310.8311205,-0.01078346796252646,0.0,9.81,0.0,0.0,9.81
1567977310.9313257,-0.00844633789361879,0.0,9.81,0.0,0.0,9.81
1567977311.031312,-0.005186545903293051,0.0,9.81,0.0,0.0,9.81
1567977311.1314747,-0.0018605863132651734,0.0,9.81,0.0,0.0,9.81
1567977311.231648,0.0007747091477419588,0.0,9.81,0.0,0.0,9.81
1567977311.3313527,0.0020122423666455802,0.0,9.81,0.0,0.0,9.81
1567977311.4312248,0.001566107214789838,0.0,9.81,0.0,0.0,9.81
1567977311.531225,-0.0004919256750578427,0.0,9.81,0.0,0.0,9.81
1567977311.6313276,-0.003712772399488955,0.0,9.81,0.0,0.0,9.81
1567977311.7312257,-0.007344033855772949,0.0,9.81,0.0,0.0,9.81
1567977311.831197,-0.010586290906531275,0.0,9.81,0.0,0.0,9.81
1567977311.9312088,-0.01270443548773386,0.0,9.81,0.0,0.0,9.81
1567977312.0312517,-0.013327389421950499,0.0,9.81,0.0,0.0,9.81
1567977312.131142,-0.012335673935831721,0.0,9.81,0.0,0.0,9.81
1567977312.2311206,-0.010037416673960565,0.0,9.81,0.0,0.0,9.81
1567977312.3311374,-0.00705332909510787,0.0,9.81,0.0,0.0,9.81
1567977312.431112,-0.004077499600725502,0.0,9.81,0.0,0.0,9.81
1567977312.5312765,-0.0019072579271713153,0.0,9.81,0.0,0.0,9.81
1567977312.6312532,-0.001071923602384146,0.0,9.81,0.0,0.0,9.81
1567977312.7312415,-0.0017937929281056598,0.0,9.81,0.0,0.0,9.81
1567977312.83129,-0.0039033488885884537,0.0,9.81,0.0,0.0,9.81
1567977312.931158,-0.006928356455173486,0.0,9.81,0.0,0.0,9.81
1567977313.0312493,-0.01024003972800358,0.0,9.81,0.0,0.0,9.81
1567977313.1311576,-0.013066604512046354,0.0,9.81,0.0,0.0,9.81
1567977313.231216,-0.014779521478082387,0.0,9.81,0.0,0.0,9.81
1567977313.3311856,-0.015060814036282864,0.0,9.81,0.0,0.0,9.81
1567977313.4313457,-0.013919603066529618,0.0,9.81,0.0,0.0,9.81
1567977313.5311606,-0.011693099257292233,0.0,9.81,0.0,0.0,9.81
1567977313.631145,-0.00891647362396654,0.0,9.81,0.0,0.0,9.81
1567977313.7312033,-0.006376828831999433,0.0,9.81,0.0,0.0,9.81
1567977313.831335,-0.004633801339091406,0.0,9.81,0.0,0.0,9.81
1567977313.9311965,-0.004169531916745939,0.0,9.81,0.0,0.0,9.81
1567977314.0313292,-0.005080545757327002,0.0,9.81,0.0,0.0,9.81
1567977314.1311448,-0.007234842703148133,0.0,9.81,0.0,0.0,9.81
1567977314.2312326,-0.022553144506145203,0.0,9.81,0.0,0.0,9.81
1567977314.3312898,-0.018228218081288647,0.0,9.81,0.0,0.0,9.81
1567977314.4311895,-0.014962849895204472,0.0,9.81,0.0,0.0,9.81
1567977314.531322,-0.015648458768662863,0.0,9.81,0.0,0.0,9.81
1567977314.631172,-0.014056816298183464,0.0,9.81,0.0,0.0,9.81
1567977314.7312677,-0.012289986462148334,0.0,9.81,0.0,0.0,9.81
1567977314.8312743,-0.002354854102748192,0.0,9.81,0.0,0.0,9.81
1567977314.9311864,-0.000990628769845756,0.0,9.81,0.0,0.0,9.81
1567977315.0311294,-0.00472425263648347,0.0,9.81,0.0,0.0,9.81
1567977315.1311388,-0.006274830110798462,0.0,9.81,0.0,0.0,9.81
1567977315.2311506,-0.00801218305899866,0.0,9.81,0.0,0.0,9.81
1567977315.3312058,-0.010394826823948336,0.0,9.81,0.0,0.0,9.81
1567977315.4311588,-0.018077696913851467,0.0,9.81,0.0,0.0,9.81
1567977315.531197,-0.02271312758720768,0.0,9.81,0.0,0.0,9.81
1567977315.631217,-0.021662223113660062,0.0,9.81,0.0,0.0,9.81
1567977315.7312868,-0.02007993839501175,0.0,9.81,0.0,0.0,9.81
1567977315.8313506,-0.01880455379424447,0.0,9.81,0.0,0.0,9.81
1567977315.9311094,-0.017067972139229254,0.0,9.81,0.0,0.0,9.81
1567977316.031112,-0.011665374373144317,0.0,9.81,0.0,0.0,9.81
1567977316.131242,-0.00651957730366675,0.0,9.81,0.0,0.0,9.81
1567977316.2311163,-0.00578935524544903,0.0,9.81,0.0,0.0,9.81
1567977316.3313527,-0.007244400124580323,0.0,9.81,0.0,0.0,9.81
1567977316.431195,-0.008880137801500468,0.0,9.81,0.0,0.0,9.81
1567977316.5312483,-0.010773213767912182,0.0,9.81,0.0,0.0,9.81
1567977316.6311727,-0.015181070300677675,0.0,9.81,0.0,0.0,9.81
1567977316.731176,-0.020587795713186096,0.0,9.81,0.0,0.0,9.81
1567977316.8311794,-0.02326983559548978,0.0,9.81,0.0,0.0,9.81
1567977316.9311724,-0.023166753095982387,0.0,9.81,0.0,0.0,9.81
1567977317.0311782,-0.022070947189033702,0.0,9.81,0.0,0.0,9.81
1567977317.131126,-0.020664009557675413,0.0,9.81,0.0,0.0,9.81
1567977317.2313569,-0.017559957427090184,0.0,9.81,0.0,0.0,9.81
1567977317.3311276,-0.01298239505689466,0.0,9.81,0.0,0.0,9.81
1567977317.4312458,-0.009763564361153386,0.0,9.81,0.0,0.0,9.81
1567977317.5311313,-0.009087137884763478,0.0,9.81,0.0,0.0,9.81
1567977317.6312356,-0.010020598794348957,0.0,9.81,0.0,0.0,9.81
1567977317.7311888,-0.011580740736673504,0.0,9.81,0.0,0.0,9.81
1567977317.8312185,-0.014362667613661912,0.0,9.81,0.0,0.0,9.81
1567977317.931269,-0.018674757538333822,0.0,9.81,0.0,0.0,9.81
1567977318.0312197,-0.022644563392485183,0.0,9.81,0.0,0.0,9.81
1567977318.1311102,-0.024642795184375572,0.0,9.81,0.0,0.0,9.81
1567977318.2314105,-0.024768466670274096,0.0,9.81,0.0,0.0,9.81
1567977318.331164,-0.02393291174081668,0.0,9.81,0.0,0.0,9.81
1567977318.4311109,-0.021993194644075516,0.0,9.81,0.0,0.0,9.81
1567977318.5311477,-0.018652201526729258,0.0,9.81,0.0,0.0,9.81
1567977318.6311405,-0.01499447107698316,0.0,9.81,0.0,0.0,9.81
1567977318.7311275,-0.012637698561317592,0.0,9.81,0.0,0.0,9.81
1567977318.8313458,-0.012065833142976672,0.0,9.81,0.0,0.0,9.81
1567977318.931186,-0.012783900807676716,0.0,9.81,0.0,0.0,9.81
1567977319.031219,-0.014601988994463043,0.0,9.81,0.0,0.0,9.81
1567977319.1313574,-0.017685521631003596,0.0,9.81,0.0,0.0,9.81
1567977319.2312531,-0.021474099718861765,0.0,9.81,0.0,0.0,9.81
1567977319.331288,-0.02467138773044809,0.0,9.81,0.0,0.0,9.81
1567977319.4311268,-0.026269036501496645,0.0,9.81,0.0,0.0,9.81
1567977319.5312421,-0.026449726455643943,0.0,9.81,0.0,0.0,9.81
1567977319.6312122,-0.025475128660930012,0.0,9.81,0.0,0.0,9.81
1567977319.7311397,-0.023271980103895872,0.0,9.81,0.0,0.0,9.81
1567977319.8311632,-0.02015681821820145,0.0,9.81,0.0,0.0,9.81
1567977319.9312997,-0.017161568949055593,0.0,9.81,0.0,0.0,9.81
1567977320.0311484,-0.015291175866084075,0.0,9.81,0.0,0.0,9.81
1567977320.131138,-0.014836813484343027,0.0,9.81,0.0,0.0,9.81
1567977320.2311766,-0.01564819555837474,0.0,9.81,0.0,0.0,9.81
1567977320.3312862,-0.017655884252936717,0.0,9.81,0.0,0.0,9.81
1567977320.4313028,-0.020698484136876374,0.0,9.81,0.0,0.0,9.81
1567977320.531132,-0.023980351103745436,0.0,9.81,0.0,0.0,9.81
1567977320.6312585,-0.026598538228877616,0.0,9.81,0.0,0.0,9.81
1567977320.7311053,-0.027976579211085876,0.0,9.81,0.0,0.0,9.81
1567977320.831126,-0.028047569593358333,0.0,9.81,0.0,0.0,9.81
1567977320.9312806,-0.02689535281898671,0.0,9.81,0.0,0.0,9.81
1567977321.0312755,-0.024670891283016944,0.0,9.81,0.0,0.0,9.81
1567977321.1311367,-0.02187059592433151,0.0,9.81,0.0,0.0,9.81
1567977321.2313602,-0.019337137028973005,0.0,9.81,0.0,0.0,9.81
1567977321.3312652,-0.017805602217563034,0.0,9.81,0.0,0.0,9.81
1567977321.4311702,-0.017542542185268815,0.0,9.81,0.0,0.0,9.81
1567977321.5311792,-0.018486948878959027,0.0,9.81,0.0,0.0,9.81
1567977321.631261,-0.020533051605247862,0.0,9.81,0.0,0.0,9.81
1567977321.7311249,-0.023408086959638367,0.0,9.81,0.0,0.0,9.81
1567977321.8313577,-0.026295342998259558,0.0,9.81,0.0,0.0,9.81
1567977321.931353,-0.02851741559588902,0.0,9.81,0.0,0.0,9.81
1567977322.0312014,-0.029674389439010653,0.0,9.81,0.0,0.0,9.81
1567977322.1311126,-0.029594409121770582,0.0,9.81,0.0,0.0,9.81
1567977322.2313101,-0.02833603514875108,0.0,9.81,0.0,0.0,9.81
1567977322.3312454,-0.026215568206418426,0.0,9.81,0.0,0.0,9.81
1567977322.4312568,-0.02371508670236068,0.0,9.81,0.0,0.0,9.81
1567977322.5311666,-0.021537211327106648,0.0,9.81,0.0,0.0,9.81
1567977322.6311932,-0.020261375329731594,0.0,9.81,0.0,0.0,9.81
1567977322.7313006,-0.020148302744825486,0.0,9.81,0.0,0.0,9.81
1567977322.8312886,-0.02118029511721865,0.0,9.81,0.0,0.0,9.81
1567977322.931343,-0.02324551635332604,0.0,9.81,0.0,0.0,9.81
1567977323.031356,-0.025873733577359632,0.0,9.81,0.0,0.0,9.81
1567977323.1311948,-0.028439385206897115,0.0,9.81,0.0,0.0,9.81
1567977323.231139,-0.030371271038746598,0.0,9.81,0.0,0.0,9.81
1567977323.331148,-0.031310458796458746,0.0,9.81,0.0,0.0,9.81
1567977323.4311683,-0.03111297329536576,0.0,9.81,0.0,0.0,9.81
1567977323.5311458,-0.02983447452521361,0.0,9.81,0.0,0.0,9.81
1567977323.6312127,-0.027779303979531208,0.0,9.81,0.0,0.0,9.81
1567977323.7312305,-0.025538437690638675,0.0,9.81,0.0,0.0,9.81
1567977323.8311493,-0.023699845027717218,0.0,9.81,0.0,0.0,9.81
1567977323.931269,-0.02265636343215306,0.0,9.81,0.0,0.0,9.81
1567977324.031241,-0.022675646038237574,0.0,9.81,0.0,0.0,9.81
1567977324.1312604,-0.023795530350041717,0.0,9.81,0.0,0.0,9.81
1567977324.231288,-0.025763203635444543,0.0,9.81,0.0,0.0,9.81
1567977324.3313408,-0.028158360373296745,0.0,9.81,0.0,0.0,9.81
1567977324.4313557,-0.030443664722587443,0.0,9.81,0.0,0.0,9.81
1567977324.5311544,-0.03211801377974013,0.0,9.81,0.0,0.0,9.81
1567977324.631178,-0.03285416367196575,0.0,9.81,0.0,0.0,9.81
1567977324.7312634,-0.03254560202149328,0.0,9.81,0.0,0.0,9.81
1567977324.8313503,-0.031301109548060285,0.0,9.81,0.0,0.0,9.81
1567977324.931139,-0.029424405075586295,0.0,9.81,0.0,0.0,9.81
1567977325.0311508,-0.027432380791910235,0.0,9.81,0.0,0.0,9.81
1567977325.1313007,-0.025822518984310535,0.0,9.81,0.0,0.0,9.81
1567977325.2311985,-0.024996606538591166,0.0,9.81,0.0,0.0,9.81
1567977325.3311677,-0.025147092720483925,0.0,9.81,0.0,0.0,9.81
1567977325.4311068,-0.026249887267515107,0.0,9.81,0.0,0.0,9.81
1567977325.5312119,-0.02812489263366878,0.0,9.81,0.0,0.0,9.81
1567977325.631125,-0.030301748503161363,0.0,9.81,0.0,0.0,9.81
1567977325.7311568,-0.03231446046050529,0.0,9.81,0.0,0.0,9.81
1567977325.8312643,-0.0337708319449785,0.0,9.81,0.0,0.0,9.81
1567977325.9311936,-0.03436467509130985,0.0,9.81,0.0,0.0,9.81
1567977326.0311365,-0.03396545293601761,0.0,9.81,0.0,0.0,9.81
1567977326.1312318,-0.03272378492733616,0.0,9.81,0.0,0.0,9.81
1567977326.2311814,-0.031042332144447328,0.0,9.81,0.0,0.0,9.81
1567977326.3313067,-0.029279954612963694,0.0,9.81,0.0,0.0,9.81
1567977326.4312704,-0.027861422361568557,0.0,9.81,0.0,0.0,9.81
1567977326.5311143,-0.02717088484719625,0.0,9.81,0.0,0.0,9.81
1567977326.6312888,-0.02741744647169618,0.0,9.81,0.0,0.0,9.81
1567977326.731275,-0.028530749110294594,0.0,9.81,0.0,0.0,9.81
1567977326.8311357,-0.030280852043135697,0.0,9.81,0.0,0.0,9.81
1567977326.9311852,-0.032273427378522894,0.0,9.81,0.0,0.0,9.81
1567977327.03122,-0.03408523498513283,0.0,9.81,0.0,0.0,9.81
1567977327.1312265,-0.03537404115255164,0.0,9.81,0.0,0.0,9.81
1567977327.231343,-0.035824011009951064,0.0,9.81,0.0,0.0,9.81
1567977327.33124,-0.03538060039694884,0.0,9.81,0.0,0.0,9.81
1567977327.4313061,-0.03424585145410965,0.0,9.81,0.0,0.0,9.81
1567977327.531348,-0.03266437814195811,0.0,9.81,0.0,0.0,9.81
1567977327.6313455,-0.0310446582346907,0.0,9.81,0.0,0.0,9.81
1567977327.731188,-0.029832145829757337,0.0,9.81,0.0,0.0,9.81
1567977327.831267,-0.029278645903015245,0.0,9.81,0.0,0.0,9.81
1567977327.9312634,-0.02955127685007284,0.0,9.81,0.0,0.0,9.81
1567977328.031313,-0.03061783893234157,0.0,9.81,0.0,0.0,9.81
1567977328.131129,-0.03223598084411485,0.0,9.81,0.0,0.0,9.81
1567977328.2312706,-0.034060027059457314,0.0,9.81,0.0,0.0,9.81
1567977328.3311357,-0.03572319503463433,0.0,9.81,0.0,0.0,9.81
1567977328.4312007,-0.036826626543283114,0.0,9.81,0.0,0.0,9.81
1567977328.5312247,-0.037189967216246206,0.0,9.81,0.0,0.0,9.81
1567977328.6312613,-0.03677138549485868,0.0,9.81,0.0,0.0,9.81
1567977328.7312574,-0.03569432096845738,0.0,9.81,0.0,0.0,9.81
1567977328.8313544,-0.03420770277042095,0.0,9.81,0.0,0.0,9.81
1567977328.9311528,-0.032746669208619676,0.0,9.81,0.0,0.0,9.81
1567977329.0311234,-0.031664329097945795,0.0,9.81,0.0,0.0,9.81
1567977329.131149,-0.031212049268129576,0.0,9.81,0.0,0.0,9.81
1567977329.231268,-0.031488757309134245,0.0,9.81,0.0,0.0,9.81
1567977329.3311925,-0.03250481339209458,0.0,9.81,0.0,0.0,9.81
1567977329.4312298,-0.03398986157190016,0.0,9.81,0.0,0.0,9.81
1567977329.5311096,-0.035671135017145444,0.0,9.81,0.0,0.0,9.81
1567977329.6313257,-0.037163319662206366,0.0,9.81,0.0,0.0,9.81
1567977329.7312922,-0.0381575625543433,0.0,9.81,0.0,0.0,9.81
1567977329.8311863,-0.038476662812280085,0.0,9.81,0.0,0.0,9.81
1567977329.9311757,-0.038070747711212646,0.0,9.81,0.0,0.0,9.81
1567977330.0311852,-0.03703856116319649,0.0,9.81,0.0,0.0,9.81
1567977330.1312776,-0.035702135699688,0.0,9.81,0.0,0.0,9.81
1567977330.2313561,-0.034371061497196036,0.0,9.81,0.0,0.0,9.81
1567977330.3312194,-0.03340005808588899,0.0,9.81,0.0,0.0,9.81
1567977330.4313073,-0.03299080107789976,0.0,9.81,0.0,0.0,9.81
1567977330.607827,-0.03127072210932276,0.0,9.81,0.0,0.0,9.81
1567977330.631143,-0.034268313736141566,0.0,9.81,0.0,0.0,9.81
1567977330.7311363,-0.03568034073150294,0.0,9.81,0.0,0.0,9.81
1567977330.831146,-0.04188170079364625,0.0,9.81,0.0,0.0,9.81
1567977330.9312084,-0.038435019359244364,0.0,9.81,0.0,0.0,9.81
1567977331.0311155,-0.03147904562934634,0.0,9.81,0.0,0.0,9.81
1567977331.131135,-0.04015976275506205,0.0,9.81,0.0,0.0,9.81
1567977331.2311184,-0.039184012579724765,0.0,9.81,0.0,0.0,9.81
1567977331.3312602,-0.03832417436232618,0.0,9.81,0.0,0.0,9.81
1567977331.431225,-0.03815907793938301,0.0,9.81,0.0,0.0,9.81
1567977331.5312352,-0.03679594860860327,0.0,9.81,0.0,0.0,9.81
1567977331.6312363,-0.02258736108304319,0.0,9.81,0.0,0.0,9.81
1567977331.7312686,-0.02812998614330077,0.0,9.81,0.0,0.0,9.81
1567977331.8313258,-0.035030211661357315,0.0,9.81,0.0,0.0,9.81
1567977331.9312894,-0.03685772473392767,0.0,9.81,0.0,0.0,9.81
1567977332.0311086,-0.039978161017127645,0.0,9.81,0.0,0.0,9.81
1567977332.1311157,-0.042150841464192366,0.0,9.81,0.0,0.0,9.81
1567977332.2311733,-0.05102913094847672,0.0,9.81,0.0,0.0,9.81
1567977332.331235,-0.052651860025859636,0.0,9.81,0.0,0.0,9.81
1567977332.4311748,-0.047040078813352156,0.0,9.81,0.0,0.0,9.81
1567977332.5311356,-0.04278894415427331,0.0,9.81,0.0,0.0,9.81
1567977332.631349,-0.039349896695628245,0.0,9.81,0.0,0.0,9.81
1567977332.7311366,-0.036354418817378685,0.0,9.81,0.0,0.0,9.81
1567977332.8312614,-0.029799543849195444,0.0,9.81,0.0,0.0,9.81
1567977332.931105,-0.025309998763800436,0.0,9.81,0.0,0.0,9.81
1567977333.0312707,-0.02733107391343836,0.0,9.81,0.0,0.0,9.81
1567977333.1312175,-0.03153360141563304,0.0,9.81,0.0,0.0,9.81
1567977333.231265,-0.03532976214751898,0.0,9.81,0.0,0.0,9.81
1567977333.331343,-0.03870422849079162,0.0,9.81,0.0,0.0,9.81
1567977333.4311068,-0.044003570726761934,0.0,9.81,0.0,0.0,9.81
1567977333.5312216,-0.04936299911658423,0.0,9.81,0.0,0.0,9.81
1567977333.6311262,-0.05042348894061391,0.0,9.81,0.0,0.0,9.81
1567977333.7313893,-0.04791198343095822,0.0,9.81,0.0,0.0,9.81
1567977333.8312683,-0.04438933321597361,0.0,9.81,0.0,0.0,9.81
1567977333.9312134,-0.04104796517831062,0.0,9.81,0.0,0.0,9.81
1567977334.0313327,-0.0366814503415948,0.0,9.81,0.0,0.0,9.81
1567977334.1311011,-0.03162972810162593,0.0,9.81,0.0,0.0,9.81
1567977334.2311475,-0.028898266404055094,0.0,9.81,0.0,0.0,9.81
1567977334.331252,-0.029693398294845536,0.0,9.81,0.0,0.0,9.81
1567977334.4312088,-0.03262480314549571,0.0,9.81,0.0,0.0,9.81
1567977334.5312717,-0.03602137880831933,0.0,9.81,0.0,0.0,9.81
1567977334.63132,-0.040038518349597395,0.0,9.81,0.0,0.0,9.81
1567977334.731157,-0.04488086224287869,0.0,9.81,0.0,0.0,9.81
1567977334.831111,-0.048767986860569795,0.0,9.81,0.0,0.0,9.81
1567977334.9312162,-0.04981283074565511,0.0,9.81,0.0,0.0,9.81
1567977335.031191,-0.04825628513225695,0.0,9.81,0.0,0.0,9.81
1567977335.131157,-0.04544913112110578,0.0,9.81,0.0,0.0,9.81
1567977335.231321,-0.04184255444202854,0.0,9.81,0.0,0.0,9.81
1567977335.3311083,-0.037506338508071696,0.0,9.81,0.0,0.0,9.81
1567977335.4313154,-0.03338532465247802,0.0,9.81,0.0,0.0,9.81
1567977335.5312884,-0.0311071557764501,0.0,9.81,0.0,0.0,9.81
1567977335.631235,-0.0314066918970078,0.0,9.81,0.0,0.0,9.81
1567977335.7311466,-0.03354669617249826,0.0,9.81,0.0,0.0,9.81
1567977335.831128,-0.03671581494109852,0.0,9.81,0.0,0.0,9.81
1567977335.9311724,-0.04075770227136403,0.0,9.81,0.0,0.0,9.81
1567977336.031239,-0.04504157064993706,0.0,9.81,0.0,0.0,9.81
1567977336.1311204,-0.04826735236527917,0.0,9.81,0.0,0.0,9.81
1567977336.2312956,-0.049370174942241433,0.0,9.81,0.0,0.0,9.81
1567977336.3311908,-0.04842791294584288,0.0,9.81,0.0,0.0,9.81
1567977336.4311972,-0.04600741575694755,0.0,9.81,0.0,0.0,9.81
1567977336.5311058,-0.04257478298212597,0.0,9.81,0.0,0.0,9.81
1567977336.63132,-0.03858230587081025,0.0,9.81,0.0,0.0,9.81
1567977336.731324,-0.03498076579023945,0.0,9.81,0.0,0.0,9.81
1567977336.8311317,-0.03288033273750592,0.0,9.81,0.0,0.0,9.81
1567977336.9311643,-0.03274431319621499,0.0,9.81,0.0,0.0,9.81
1567977337.0311298,-0.034353725172688955,0.0,9.81,0.0,0.0,9.81
1567977337.131116,-0.03728337575779921,0.0,9.81,0.0,0.0,9.81
1567977337.2311795,-0.04097774246297199,0.0,9.81,0.0,0.0,9.81
1567977337.331129,-0.04478735623331108,0.0,9.81,0.0,0.0,9.81
1567977337.4313035,-0.04769305522115754,0.0,9.81,0.0,0.0,9.81
1567977337.5311801,-0.048927086529700715,0.0,9.81,0.0,0.0,9.81
1567977337.6313016,-0.048367164636748824,0.0,9.81,0.0,0.0,9.81
1567977337.7312565,-0.046328063338232715,0.0,9.81,0.0,0.0,9.81
1567977337.831122,-0.04322397094434272,0.0,9.81,0.0,0.0,9.81
1567977337.931173,-0.03957174666247464,0.0,9.81,0.0,0.0,9.81
1567977338.0312471,-0.036290715487306925,0.0,9.81,0.0,0.0,9.81
1567977338.131142,-0.03425310663673933,0.0,9.81,0.0,0.0,9.81
1567977338.2312758,-0.03383286368284466,0.0,9.81,0.0,0.0,9.81
1567977338.331349,-0.03502246825226127,0.0,9.81,0.0,0.0,9.81
1567977338.431325,-0.03751843867112321,0.0,9.81,0.0,0.0,9.81
1567977338.5311365,-0.040868843529979985,0.0,9.81,0.0,0.0,9.81
1567977338.631237,-0.04428571956152027,0.0,9.81,0.0,0.0,9.81
1567977338.7311134,-0.047010311502213686,0.0,9.81,0.0,0.0,9.81
1567977338.831108,-0.04837407351567645,0.0,9.81,0.0,0.0,9.81
1567977338.9311318,-0.04810371512638021,0.0,9.81,0.0,0.0,9.81
1567977339.031122,-0.04642283825266365,0.0,9.81,0.0,0.0,9.81
1567977339.1312864,-0.04366954832053477,0.0,9.81,0.0,0.0,9.81
1567977339.2311442,-0.04037698374762499,0.0,9.81,0.0,0.0,9.81
1567977339.3313277,-0.037364545709963545,0.0,9.81,0.0,0.0,9.81
1567977339.4313338,-0.03532536847164163,0.0,9.81,0.0,0.0,9.81
1567977339.5312593,-0.04321962594350648,0.0,9.81,0.0,0.0,9.81
1567977339.6311865,-0.03512585215773314,0.0,9.81,0.0,0.0,9.81
1567977339.7312465,-0.037207442995920416,0.0,9.81,0.0,0.0,9.81
1567977339.8312342,-0.04008320537809478,0.0,9.81,0.0,0.0,9.81
1567977339.9313135,-0.04192250754231786,0.0,9.81,0.0,0.0,9.81
1567977340.0312436,-0.044602428484402344,0.0,9.81,0.0,0.0,9.81
1567977340.131136,-0.06185685658841525,0.0,9.81,0.0,0.0,9.81
1567977340.2312758,-0.0553765110121147,0.0,9.81,0.0,0.0,9.81
1567977340.3311296,-0.04646471665167507,0.0,9.81,0.0,0.0,9.81
1567977340.4311543,-0.04228164134448175,0.0,9.81,0.0,0.0,9.81
1567977340.531102,-0.03686969623636987,0.0,9.81,0.0,0.0,9.81
1567977340.631347,-0.03297436831329176,0.0,9.81,0.0,0.0,9.81
1567977340.731147,-0.022587852727871827,0.0,9.81,0.0,0.0,9.81
1567977340.8311696,-0.04019268529557731,0.0,9.81,0.0,0.0,9.81
1567977340.9311872,-0.039846407615110734,0.0,9.81,0.0,0.0,9.81
1567977341.031234,-0.03474003294194162,0.0,9.81,0.0,0.0,9.81
1567977341.1311119,-0.03819246852406636,0.0,9.81,0.0,0.0,9.81
1567977341.231191,-0.040069207327285174,0.0,9.81,0.0,0.0,9.81
1567977341.331118,-0.046464708220334,0.0,9.81,0.0,0.0,9.81
1567977341.4311368,-0.04208088572395528,0.0,9.81,0.0,0.0,9.81
1567977341.5311224,-0.03737921981943924,0.0,9.81,0.0,0.0,9.81
1567977341.6313162,-0.040092421345593154,0.0,9.81,0.0,0.0,9.81
1567977341.7312164,-0.04135967192689236,0.0,9.81,0.0,0.0,9.81
1567977341.8311126,-0.044981658807604144,0.0,9.81,0.0,0.0,9.81
1567977341.9311895,-0.03723127891494432,0.0,9.81,0.0,0.0,9.81
1567977342.0311933,-0.03774318766548412,0.0,9.81,0.0,0.0,9.81
1567977342.13128,-0.04190965252371687,0.0,9.81,0.0,0.0,9.81
1567977342.2311423,-0.042268295086440553,0.0,9.81,0.0,0.0,9.81
1567977342.331108,-0.041374668894326054,0.0,9.81,0.0,0.0,9.81
1567977342.4313273,-0.05982149339317239,0.0,9.81,0.0,0.0,9.81
1567977342.5312355,-0.055898618666193514,0.0,9.81,0.0,0.0,9.81
1567977342.6313045,-0.04597516863337997,0.0,9.81,0.0,0.0,9.81
1567977342.731154,-0.04119097627561718,0.0,9.81,0.0,0.0,9.81
1567977342.831206,-0.035692827638086407,0.0,9.81,0.0,0.0,9.81
1567977342.9313388,-0.03347648199739766,0.0,9.81,0.0,0.0,9.81
1567977343.031185,-0.023879267981226315,0.0,9.81,0.0,0.0,9.81
1567977343.1311862,-0.019120377912321195,0.0,9.81,0.0,0.0,9.81
1567977343.2311094,-0.024800246550691726,0.0,9.81,0.0,0.0,9.81
1567977343.3311014,-0.03207463092156242,0.0,9.81,0.0,0.0,9.81
1567977343.4311426,-0.03866732512207108,0.0,9.81,0.0,0.0,9.81
1567977343.531206,-0.043541639572353755,0.0,9.81,0.0,0.0,9.81
1567977343.6311922,-0.050810632687328265,0.0,9.81,0.0,0.0,9.81
1567977343.7311077,-0.0579805399518127,0.0,9.81,0.0,0.0,9.81
1567977343.8312452,-0.058430481221350736,0.0,9.81,0.0,0.0,9.81
1567977343.9311886,-0.05363333797265668,0.0,9.81,0.0,0.0,9.81
1567977344.031158,-0.04742774742835877,0.0,9.81,0.0,0.0,9.81
1567977344.131102,-0.04177520237585949,0.0,9.81,0.0,0.0,9.81
1567977344.2312129,-0.03542594235408768,0.0,9.81,0.0,0.0,9.81
1567977344.331189,-0.028243343282963202,0.0,9.81,0.0,0.0,9.81
1567977344.4311795,-0.024211388360477565,0.0,9.81,0.0,0.0,9.81
1567977344.5313075,-0.025328430607764147,0.0,9.81,0.0,0.0,9.81
1567977344.6311853,-0.029813188315015077,0.0,9.81,0.0,0.0,9.81
1567977344.7312033,-0.03520115595846761,0.0,9.81,0.0,0.0,9.81
1567977344.831364,-0.04097651542846616,0.0,9.81,0.0,0.0,9.81
1567977344.9312935,-0.047545014904677246,0.0,9.81,0.0,0.0,9.81
1567977345.0312133,-0.052986498815670906,0.0,9.81,0.0,0.0,9.81
1567977345.1311934,-0.05473154917123701,0.0,9.81,0.0,0.0,9.81
1567977345.2311823,-0.05260652003039858,0.0,9.81,0.0,0.0,9.81
1567977345.3313346,-0.048225294981822917,0.0,9.81,0.0,0.0,9.81
1567977345.4311442,-0.042815306979909484,0.0,9.81,0.0,0.0,9.81
1567977345.5311928,-0.03663948956569371,0.0,9.81,0.0,0.0,9.81
1567977345.631187,-0.03061078505077788,0.0,9.81,0.0,0.0,9.81
1567977345.7312336,-0.026683027846758023,0.0,9.81,0.0,0.0,9.81
1567977345.8312426,-0.026138793860107583,0.0,9.81,0.0,0.0,9.81
1567977345.9311142,-0.02859996020694471,0.0,9.81,0.0,0.0,9.81
1567977346.0311902,-0.03289515047198094,0.0,9.81,0.0,0.0,9.81
1567977346.1312957,-0.03827138622245386,0.0,9.81,0.0,0.0,9.81
1567977346.2311943,-0.04408910388037185,0.0,9.81,0.0,0.0,9.81
1567977346.3312228,-0.04898265341628712,0.0,9.81,0.0,0.0,9.81
1567977346.4312603,-0.05148404025723341,0.0,9.81,0.0,0.0,9.81
1567977346.5311801,-0.05102283692718338,0.0,9.81,0.0,0.0,9.81
1567977346.6311169,-0.04812502498177729,0.0,9.81,0.0,0.0,9.81
1567977346.7311783,-0.04359259276225167,0.0,9.81,0.0,0.0,9.81
1567977346.8312507,-0.0381512100411339,0.0,9.81,0.0,0.0,9.81
1567977346.9311886,-0.03277324861682494,0.0,9.81,0.0,0.0,9.81
1567977347.0311415,-0.028724484875184936,0.0,9.81,0.0,0.0,9.81
1567977347.1312244,-0.027092839618126058,0.0,9.81,0.0,0.0,9.81
1567977347.231196,-0.028080401498903493,0.0,9.81,0.0,0.0,9.81
1567977347.331157,-0.0311246400566111,0.0,9.81,0.0,0.0,9.81
1567977347.4312756,-0.03556948587754551,0.0,9.81,0.0,0.0,9.81
1567977347.5312338,-0.04064264409773557,0.0,9.81,0.0,0.0,9.81
1567977347.6311405,-0.04523168675332119,0.0,9.81,0.0,0.0,9.81
1567977347.7311513,-0.048179173535652674,0.0,9.81,0.0,0.0,9.81
1567977347.8311863,-0.04887988329372771,0.0,9.81,0.0,0.0,9.81
1567977347.9311476,-0.04735806189763334,0.0,9.81,0.0,0.0,9.81
1567977348.0313299,-0.04398030905612384,0.0,9.81,0.0,0.0,9.81
1567977348.131121,-0.03942693790410008,0.0,9.81,0.0,0.0,9.81
1567977348.231146,-0.034639964136803376,0.0,9.81,0.0,0.0,9.81
1567977348.3313453,-0.030628268189688727,0.0,9.81,0.0,0.0,9.81
1567977348.4312284,-0.02831144845530506,0.0,9.81,0.0,0.0,9.81
1567977348.531296,-0.02810556794008015,0.0,9.81,0.0,0.0,9.81
1567977348.6311862,-0.029859408904458498,0.0,9.81,0.0,0.0,9.81
1567977348.7312913,-0.033204500550228604,0.0,9.81,0.0,0.0,9.81
1567977348.8313653,-0.037429863563555835,0.0,9.81,0.0,0.0,9.81
1567977348.9313576,-0.04159941300778097,0.0,9.81,0.0,0.0,9.81
1567977349.031131,-0.044797421164831375,0.0,9.81,0.0,0.0,9.81
1567977349.131161,-0.04634769482877074,0.0,9.81,0.0,0.0,9.81
1567977349.231224,-0.04595144641693432,0.0,9.81,0.0,0.0,9.81
1567977349.3312318,-0.04378445066023336,0.0,9.81,0.0,0.0,9.81
1567977349.4311383,-0.04033658164603253,0.0,9.81,0.0,0.0,9.81
1567977349.5312693,-0.03625059485530036,0.0,9.81,0.0,0.0,9.81
1567977349.631125,-0.03245310573235802,0.0,9.81,0.0,0.0,9.81
1567977349.7311468,-0.02970560931327501,0.0,9.81,0.0,0.0,9.81
1567977349.8311987,-0.028565763113161433,0.0,9.81,0.0,0.0,9.81
1567977349.9312208,-0.02923178049125287,0.0,9.81,0.0,0.0,9.81
1567977350.0311756,-0.03144052105260894,0.0,9.81,0.0,0.0,9.81
1567977350.131136,-0.03462614327905385,0.0,9.81,0.0,0.0,9.81
1567977350.2311127,-0.0381999420460444,0.0,9.81,0.0,0.0,9.81
1567977350.3311052,-0.04139008892537849,0.0,9.81,0.0,0.0,9.81
1567977350.431253,-0.04346941780144663,0.0,9.81,0.0,0.0,9.81
1567977350.5311282,-0.04399101464271284,0.0,9.81,0.0,0.0,9.81
1567977350.6311858,-0.042945234948199074,0.0,9.81,0.0,0.0,9.81
1567977350.7312362,-0.040552320844672994,0.0,9.81,0.0,0.0,9.81
1567977350.8311307,-0.03735990425912032,0.0,9.81,0.0,0.0,9.81
1567977350.9312582,-0.03400474087203559,0.0,9.81,0.0,0.0,9.81
1567977351.031119,-0.03116679142674359,0.0,9.81,0.0,0.0,9.81
1567977351.131257,-0.029455193106796573,0.0,9.81,0.0,0.0,9.81
1567977351.231132,-0.029140702553131722,0.0,9.81,0.0,0.0,9.81
1567977351.3313353,-0.030241204194827703,0.0,9.81,0.0,0.0,9.81
1567977351.4313335,-0.03248447259651695,0.0,9.81,0.0,0.0,9.81
1567977351.5312018,-0.035380427488688825,0.0,9.81,0.0,0.0,9.81
1567977351.6311393,-0.03826944654212925,0.0,9.81,0.0,0.0,9.81
1567977351.7311082,-0.04053701216813778,0.0,9.81,0.0,0.0,9.81
1567977351.831202,-0.04178548330563679,0.0,9.81,0.0,0.0,9.81
1567977351.9311392,-0.04168786711978296,0.0,9.81,0.0,0.0,9.81
1567977352.03119,-0.04034263878094695,0.0,9.81,0.0,0.0,9.81
1567977352.1311026,-0.03801378807595061,0.0,9.81,0.0,0.0,9.81
1567977352.2311096,-0.035240960306463925,0.0,9.81,0.0,0.0,9.81
1567977352.331232,-0.032561630782587676,0.0,9.81,0.0,0.0,9.81
1567977352.4311159,-0.030548478092669706,0.0,9.81,0.0,0.0,9.81
1567977352.5313132,-0.029572449026800635,0.0,9.81,0.0,0.0,9.81
1567977352.6311307,-0.029720444472710758,0.0,9.81,0.0,0.0,9.81
1567977352.731125,-0.030977490099707995,0.0,9.81,0.0,0.0,9.81
1567977352.8313472,-0.03302956588447012,0.0,9.81,0.0,0.0,9.81
1567977352.9311268,-0.03544508409879029,0.0,9.81,0.0,0.0,9.81
1567977353.03115,-0.037683044076353166,0.0,9.81,0.0,0.0,9.81
1567977353.1311762,-0.039225297892530764,0.0,9.81,0.0,0.0,9.81
1567977353.231125,-0.039852411982893104,0.0,9.81,0.0,0.0,9.81
1567977353.3312635,-0.03943024373383461,0.0,9.81,0.0,0.0,9.81
1567977353.4312527,-0.03806018783027657,0.0,9.81,0.0,0.0,9.81
1567977353.531364,-0.03603192493883883,0.0,9.81,0.0,0.0,9.81
1567977353.6311836,-0.033781258688955554,0.0,9.81,0.0,0.0,9.81
1567977353.7312376,-0.03174613497940385,0.0,9.81,0.0,0.0,9.81
1567977353.8311322,-0.03033057184869337,0.0,9.81,0.0,0.0,9.81
1567977353.9312255,-0.029859788883290186,0.0,9.81,0.0,0.0,9.81
1567977354.0311124,-0.030267250423318563,0.0,9.81,0.0,0.0,9.81
1567977354.1313417,-0.03146335116727384,0.0,9.81,0.0,0.0,9.81
1567977354.2310998,-0.033226406190129704,0.0,9.81,0.0,0.0,9.81
1567977354.3312902,-0.03511305854627091,0.0,9.81,0.0,0.0,9.81
1567977354.4311209,-0.0367800386520101,0.0,9.81,0.0,0.0,9.81
1567977354.5312617,-0.037848958620155956,0.0,9.81,0.0,0.0,9.81
1567977354.631137,-0.03812789225534091,0.0,9.81,0.0,0.0,9.81
1567977354.731199,-0.037545125629780324,0.0,9.81,0.0,0.0,9.81
1567977354.8312695,-0.03626974575699757,0.0,9.81,0.0,0.0,9.81
1567977354.9311554,-0.03455100622079851,0.0,9.81,0.0,0.0,9.81
1567977355.0311387,-0.03275869509548221,0.0,9.81,0.0,0.0,9.81
1567977355.131262,-0.031204859246733694,0.0,9.81,0.0,0.0,9.81
1567977355.2311234,-0.030272800581717583,0.0,9.81,0.0,0.0,9.81
1567977355.3311963,-0.03002216261998875,0.0,9.81,0.0,0.0,9.81
1567977355.4312346,-0.03051042594365633,0.0,9.81,0.0,0.0,9.81
1567977355.5312412,-0.03161316954083494,0.0,9.81,0.0,0.0,9.81
1567977355.6312344,-0.03307598877639164,0.0,9.81,0.0,0.0,9.81
1567977355.7311702,-0.03455452689775299,0.0,9.81,0.0,0.0,9.81
1567977355.8311095,-0.035773312250915165,0.0,9.81,0.0,0.0,9.81
1567977355.9311488,-0.036501649766770755,0.0,9.81,0.0,0.0,9.81
1567977356.0311751,-0.036555731357296305,0.0,9.81,0.0,0.0,9.81
1567977356.131137,-0.035957343687981175,0.0,9.81,0.0,0.0,9.81
1567977356.2312915,-0.03486851446057239,0.0,9.81,0.0,0.0,9.81
1567977356.3311932,-0.03347194135948035,0.0,9.81,0.0,0.0,9.81
1567977356.4312003,-0.03208426102352219,0.0,9.81,0.0,0.0,9.81
1567977356.5311415,-0.030961382034746007,0.0,9.81,0.0,0.0,9.81
1567977356.631195,-0.030312699117915932,0.0,9.81,0.0,0.0,9.81
1567977356.731142,-0.030249677507362165,0.0,9.81,0.0,0.0,9.81
1567977356.8311806,-0.030705241698802403,0.0,9.81,0.0,0.0,9.81
1567977356.9312136,-0.03158502032480781,0.0,9.81,0.0,0.0,9.81
1567977357.031119,-0.032714191211124566,0.0,9.81,0.0,0.0,9.81
1567977357.1313386,-0.03383902200887132,0.0,9.81,0.0,0.0,9.81
1567977357.4748397,-0.03349530520699437,0.0,9.81,0.0,0.0,9.81
1567977357.5313199,-0.04056829649889009,0.0,9.81,0.0,0.0,9.81
1567977357.6312165,-0.04554267543850274,0.0,9.81,0.0,0.0,9.81
1567977357.7311664,-0.044535549095567506,0.0,9.81,0.0,0.0,9.81
1567977357.8312259,-0.019711007273251032,0.0,9.81,0.0,0.0,9.81
1567977357.9312892,-0.012151971512226111,0.0,9.81,0.0,0.0,9.81
1567977358.0313568,-0.026629660464746633,0.0,9.81,0.0,0.0,9.81
1567977358.131254,-0.024331507695802054,0.0,9.81,0.0,0.0,9.81
1567977358.2313247,-0.026976156819518576,0.0,9.81,0.0,0.0,9.81
1567977358.3312547,-0.008638606464417027,0.0,9.81,0.0,0.0,9.81
1567977358.4311602,0.03405644342074068,0.0,9.81,0.0,0.0,9.81
1567977358.531167,0.08373898014777394,0.0,9.81,0.0,0.0,9.81
1567977358.631176,0.05275182035181469,0.0,9.81,0.0,0.0,9.81
1567977358.7311594,-0.004530629640934176,0.0,9.81,0.0,0.0,9.81
1567977358.8312075,-0.038730267700054645,0.0,9.81,0.0,0.0,9.81
1567977358.931104,-0.07490237428558415,0.0,9.81,0.0,0.0,9.81
1567977359.0311387,-0.11678079342588288,0.0,9.81,0.0,0.0,9.81
1567977359.13132,-0.16192588820960158,0.0,9.81,0.0,0.0,9.81
1567977359.2311282,-0.1791515521241948,0.0,9.81,0.0,0.0,9.81
1567977359.331193,-0.15485769852206685,0.0,9.81,0.0,0.0,9.81
1567977359.4311836,-0.11555899766739054,0.0,9.81,0.0,0.0,9.81
1567977359.5312004,-0.07262776379321699,0.0,9.81,0.0,0.0,9.81
1567977359.6313548,-0.02669581773921367,0.0,9.81,0.0,0.0,9.81
1567977359.7311583,0.022528321665848984,0.0,9.81,0.0,0.0,9.81
1567977359.8311357,0.06308507182117185,0.0,9.81,0.0,0.0,9.81
1567977359.9311929,0.077189324327984,0.0,9.81,0.0,0.0,9.81
1567977360.0312681,0.0641703186181155,0.0,9.81,0.0,0.0,9.81
1567977360.1311536,0.03659114664478357,0.0,9.81,0.0,0.0,9.81
1567977360.231277,0.0023570070813142686,0.0,9.81,0.0,0.0,9.81
1567977360.331352,-0.03653109757007692,0.0,9.81,0.0,0.0,9.81
1567977360.4312458,-0.07533499979540952,0.0,9.81,0.0,0.0,9.81
1567977360.5311337,-0.10341173688930065,0.0,9.81,0.0,0.0,9.81
1567977360.6311595,-0.11253408814949362,0.0,9.81,0.0,0.0,9.81
1567977360.7312891,-0.10343007029213856,0.0,9.81,0.0,0.0,9.81
1567977360.8311384,-0.08169891881623785,0.0,9.81,0.0,0.0,9.81
1567977360.931286,-0.05158825721631749,0.0,9.81,0.0,0.0,9.81
1567977361.0313451,-0.017378830429047847,0.0,9.81,0.0,0.0,9.81
1567977361.1312878,0.014627378674748002,0.0,9.81,0.0,0.0,9.81
1567977361.2312214,0.03655893447029051,0.0,9.81,0.0,0.0,9.81
1567977361.331139,0.04342960032889005,0.0,9.81,0.0,0.0,9.81
1567977361.431204,0.03593701860965867,0.0,9.81,0.0,0.0,9.81
1567977361.5311778,0.017388672067227287,0.0,9.81,0.0,0.0,9.81
1567977361.6311831,-0.008649072913639113,0.0,9.81,0.0,0.0,9.81
1567977361.7311032,-0.037868172049702116,0.0,9.81,0.0,0.0,9.81
1567977361.8312113,-0.06459106873883422,0.0,9.81,0.0,0.0,9.81
1567977361.931286,-0.08289198096964183,0.0,9.81,0.0,0.0,9.81
1567977362.03117,-0.0897504167327058,0.0,9.81,0.0,0.0,9.81
1567977362.1311371,-0.08515647193922518,0.0,9.81,0.0,0.0,9.81
1567977362.2311363,-0.07089317915615061,0.0,9.81,0.0,0.0,9.81
1567977362.3311927,-0.049573464297396654,0.0,9.81,0.0,0.0,9.81
1567977362.431135,-0.02538306700929825,0.0,9.81,0.0,0.0,9.81
1567977362.5311613,-0.0033916090819286282,0.0,9.81,0.0,0.0,9.81
1567977362.6312525,0.0119469238367242,0.0,9.81,0.0,0.0,9.81
1567977362.7311258,0.018080313582459002,0.0,9.81,0.0,0.0,9.81
1567977362.8311408,0.01484812789418239,0.0,9.81,0.0,0.0,9.81
1567977362.9312372,0.003439048779498446,0.0,9.81,0.0,0.0,9.81
1567977363.0313377,-0.013846543578381904,0.0,9.81,0.0,0.0,9.81
1567977363.1311388,-0.033473270247361915,0.0,9.81,0.0,0.0,9.81
1567977363.2313218,-0.06488169978993638,0.0,9.81,0.0,0.0,9.81
1567977363.3311157,-0.06391161913129557,0.0,9.81,0.0,0.0,9.81
1567977363.4311278,-0.06982379897733895,0.0,9.81,0.0,0.0,9.81
1567977363.5312667,-0.06793408329605778,0.0,9.81,0.0,0.0,9.81
1567977363.6313093,-0.057050315618254535,0.0,9.81,0.0,0.0,9.81
1567977363.7311933,-0.043464071577378006,0.0,9.81,0.0,0.0,9.81
1567977363.8311007,-0.04773407897534037,0.0,9.81,0.0,0.0,9.81
1567977363.9311182,-0.0347047046209193,0.0,9.81,0.0,0.0,9.81
1567977364.0311925,-0.010859092988408356,0.0,9.81,0.0,0.0,9.81
1567977364.1311276,0.0012631748708921188,0.0,9.81,0.0,0.0,9.81
1567977364.2312753,0.006987371902412401,0.0,9.81,0.0,0.0,9.81
1567977364.3311968,0.0054948677832654,0.0,9.81,0.0,0.0,9.81
1567977364.4311392,0.003569371454838839,0.0,9.81,0.0,0.0,9.81
1567977364.5311432,0.00019991623816853377,0.0,9.81,0.0,0.0,9.81
1567977364.6312582,-0.01173360332552539,0.0,9.81,0.0,0.0,9.81
1567977364.731201,-0.027228470200036013,0.0,9.81,0.0,0.0,9.81
1567977364.831253,-0.04006630275435675,0.0,9.81,0.0,0.0,9.81
1567977364.9311366,-0.04803944041493152,0.0,9.81,0.0,0.0,9.81
1567977365.031205,-0.052303307780092095,0.0,9.81,0.0,0.0,9.81
1567977365.1313393,-0.054502827348962626,0.0,9.81,0.0,0.0,9.81
1567977365.318601,-0.05389589331714127,0.0,9.81,0.0,0.0,9.81
1567977365.3313155,-0.04655394445641981,0.0,9.81,0.0,0.0,9.81
1567977365.4312794,-0.03761848571699424,0.0,9.81,0.0,0.0,9.81
1567977365.5311046,-0.03934022874803291,0.0,9.81,0.0,0.0,9.81
1567977365.6312788,-0.022922474640943113,0.0,9.81,0.0,0.0,9.81
1567977365.7312906,-0.01448282940827073,0.0,9.81,0.0,0.0,9.81
1567977365.8312385,-0.017775874212116936,0.0,9.81,0.0,0.0,9.81
1567977365.9312181,-0.017307064324730847,0.0,9.81,0.0,0.0,9.81
1567977366.031282,-0.021683407475703104,0.0,9.81,0.0,0.0,9.81
1567977366.1311808,-0.028403982463837588,0.0,9.81,0.0,0.0,9.81
1567977366.2312183,-0.03405312958832853,0.0,9.81,0.0,0.0,9.81
1567977366.331188,-0.014441272004993682,0.0,9.81,0.0,0.0,9.81
1567977366.4311118,-0.011191866906919819,0.0,9.81,0.0,0.0,9.81
1567977366.5311532,-0.02483872583697838,0.0,9.81,0.0,0.0,9.81
1567977366.6312108,-0.031162841868203676,0.0,9.81,0.0,0.0,9.81
1567977366.731239,-0.035564208790862015,0.0,9.81,0.0,0.0,9.81
1567977366.8312101,-0.037618456072063905,0.0,9.81,0.0,0.0,9.81
1567977366.9311452,-0.04367606565304921,0.0,9.81,0.0,0.0,9.81
1567977367.0311584,-0.052629828364354085,0.0,9.81,0.0,0.0,9.81
1567977367.1311839,-0.0542742940459602,0.0,9.81,0.0,0.0,9.81
1567977367.2312565,-0.04997854295135338,0.0,9.81,0.0,0.0,9.81
1567977367.3311965,-0.0445840717545015,0.0,9.81,0.0,0.0,9.81
1567977367.4311624,-0.039776280066237686,0.0,9.81,0.0,0.0,9.81
1567977367.5312424,-0.034509730067502346,0.0,9.81,0.0,0.0,9.81
1567977367.631209,-0.02729492683964589,0.0,9.81,0.0,0.0,9.81
1567977367.7313254,-0.020344382024749273,0.0,9.81,0.0,0.0,9.81
1567977367.831176,-0.016785678554509693,0.0,9.81,0.0,0.0,9.81
1567977367.9311082,-0.016409297223384897,0.0,9.81,0.0,0.0,9.81
1567977368.0313172,-0.017546557483492695,0.0,9.81,0.0,0.0,9.81
1567977368.131209,-0.019329329318232887,0.0,9.81,0.0,0.0,9.81
1567977368.2313151,-0.022019897186013385,0.0,9.81,0.0,0.0,9.81
1567977368.3311357,-0.025645215416670385,0.0,9.81,0.0,0.0,9.81
1567977368.4311187,-0.028995654174445617,0.0,9.81,0.0,0.0,9.81
1567977368.5311358,-0.030909816277348744,0.0,9.81,0.0,0.0,9.81
1567977368.6314306,-0.03129738700262723,0.0,9.81,0.0,0.0,9.81
1567977368.7313585,-0.030700053978769844,0.0,9.81,0.0,0.0,9.81
1567977368.8312538,-0.029503436964463097,0.0,9.81,0.0,0.0,9.81
1567977368.9311798,-0.03185234666143466,0.0,9.81,0.0,0.0,9.81
1567977369.0312433,-0.025544559145966535,0.0,9.81,0.0,0.0,9.81
1567977369.1311424,-0.024075464646685526,0.0,9.81,0.0,0.0,9.81
1567977369.231227,-0.023451636540669587,0.0,9.81,0.0,0.0,9.81
1567977369.331244,-0.023185017096822875,0.0,9.81,0.0,0.0,9.81
1567977369.4312458,-0.02457097847738668,0.0,9.81,0.0,0.0,9.81
1567977369.5311544,-0.049506313581297506,0.0,9.81,0.0,0.0,9.81
1567977369.6311793,-0.05704283493785436,0.0,9.81,0.0,0.0,9.81
1567977369.7311935,-0.04492830944039323,0.0,9.81,0.0,0.0,9.81
1567977369.8311863,-0.037487448480414305,0.0,9.81,0.0,0.0,9.81
1567977369.931223,-0.029838274466721538,0.0,9.81,0.0,0.0,9.81
1567977370.0311353,-0.02308948539470538,0.0,9.81,0.0,0.0,9.81
1567977370.1311018,-0.013181651430481858,0.0,9.81,0.0,0.0,9.81
1567977370.2312582,-0.001382643126993788,0.0,9.81,0.0,0.0,9.81
1567977370.3313332,0.002589150051085376,0.0,9.81,0.0,0.0,9.81
1567977370.4312031,-0.0009419748571635812,0.0,9.81,0.0,0.0,9.81
1567977370.5312169,-0.00761647448556341,0.0,9.81,0.0,0.0,9.81
1567977370.6312025,-0.009225135030865693,0.0,9.81,0.0,0.0,9.81
1567977370.7313654,-0.009523204494578885,0.0,9.81,0.0,0.0,9.81
1567977370.831299,-0.009146223023073255,0.0,9.81,0.0,0.0,9.81
1567977370.931177,-0.007578940106491805,0.0,9.81,0.0,0.0,9.81
1567977371.0312905,-0.0057391841169548655,0.0,9.81,0.0,0.0,9.81
1567977371.1313438,-0.003883116281770147,0.0,9.81,0.0,0.0,9.81
1567977371.2312014,-0.002139985527191959,0.0,9.81,0.0,0.0,9.81
1567977371.3313277,-0.0007168851561062173,0.0,9.81,0.0,0.0,9.81
1567977371.4312139,0.0003397380532634209,0.0,9.81,0.0,0.0,9.81
1567977371.5313003,0.0010366496735699738,0.0,9.81,0.0,0.0,9.81
1567977371.6311984,0.0014024746747583806,0.0,9.81,0.0,0.0,9.81
1567977371.731124,0.0014997359625914086,0.0,9.81,0.0,0.0,9.81
1567977371.8313406,0.001402513586324936,0.0,9.81,0.0,0.0,9.81
1567977371.9313028,0.001180305867436493,0.0,9.81,0.0,0.0,9.81
1567977372.0313299,0.0008976850285463378,0.0,9.81,0.0,0.0,9.81
1567977372.1312342,0.0006025212250314827,0.0,9.81,0.0,0.0,9.81
1567977372.2312975,0.00033289837333432714,0.0,9.81,0.0,0.0,9.81
1567977372.331213,0.00011154771394426,0.0,9.81,0.0,0.0,9.81
1567977372.431198,-5.2452279676176165e-05,0.0,9.81,0.0,0.0,9.81
1567977372.5311415,-0.00015732986702013285,0.0,9.81,0.0,0.0,9.81
1567977372.6311653,-0.00021049441605705432,0.0,9.81,0.0,0.0,9.81
1567977372.7312372,-0.0002219159693538053,0.0,9.81,0.0,0.0,9.81
1567977372.8311288,-0.00020402342863213186,0.0,9.81,0.0,0.0,9.81
1567977372.9311886,-0.000168187197978229,0.0,9.81,0.0,0.0,9.81
1567977373.0312133,-0.00012490627085741225,0.0,9.81,0.0,0.0,9.81
1567977373.1311398,-8.192676267647414e-05,0.0,9.81,0.0,0.0,9.81
1567977373.231119,-4.444392699610944e-05,0.0,9.81,0.0,0.0,9.81
1567977373.3311188,-1.579210019731825e-05,0.0,9.81,0.0,0.0,9.81
1567977373.4311423,4.128256450135481e-06,0.0,9.81,0.0,0.0,9.81
1567977373.5311155,1.5431821033757842e-05,0.0,9.81,0.0,0.0,9.81
1567977373.6312492,1.9915579108324976e-05,0.0,9.81,0.0,0.0,9.81
1567977373.7312613,2.020731910238105e-05,0.0,9.81,0.0,0.0,9.81
1567977373.8313363,1.8051576551396666e-05,0.0,9.81,0.0,0.0,9.81
1567977373.9312994,1.538589969034554e-05,0.0,9.81,0.0,0.0,9.81
1567977374.0311449,1.2988853911961585e-05,0.0,9.81,0.0,0.0,9.81
1567977374.1311727,1.1788189455108622e-05,0.0,9.81,0.0,0.0,9.81
1567977374.2312875,1.0947760852877408e-05,0.0,9.81,0.0,0.0,9.81
1567977374.3313534,1.0742969457533392e-05,0.0,9.81,0.0,0.0,9.81
1567977374.4313393,1.0081567210971087e-05,0.0,9.81,0.0,0.0,9.81
1567977374.531133,8.777977209168952e-06,0.0,9.81,0.0,0.0,9.81
1567977374.6311617,9.296497581532393e-06,0.0,9.81,0.0,0.0,9.81
1567977374.731288,-0.4172282604316153,0.0,9.81,0.0,0.0,9.81
1567977374.8311002,-0.3989741568673687,0.0,9.81,0.0,0.0,9.81
1567977374.9311416,-0.3419420891405958,0.0,9.81,0.0,0.0,9.81
1567977375.0311294,-0.3498157944047876,0.0,9.81,0.0,0.0,9.81
1567977375.1311677,-0.3263730967830762,0.0,9.81,0.0,0.0,9.81
1567977375.231282,-0.33282838005288534,0.0,9.81,0.0,0.0,9.81
1567977375.3312833,-0.3082092414636461,0.0,9.81,0.0,0.0,9.81
1567977375.4312887,-0.3174530569426426,0.0,9.81,0.0,0.0,9.81
1567977375.5312448,-0.28419855969241264,0.0,9.81,0.0,0.0,9.81
1567977375.6311085,-0.297826117429878,0.0,9.81,0.0,0.0,9.81
1567977375.7311168,-0.2616502775949425,0.0,9.81,0.0,0.0,9.81
1567977375.8311498,-0.27912765855997634,0.0,9.81,0.0,0.0,9.81
1567977375.9312587,-0.23979971019794757,0.0,9.81,0.0,0.0,9.81
1567977376.031328,-0.259859995095449,0.0,9.81,0.0,0.0,9.81
1567977376.1312516,-0.21815136132678953,0.0,9.81,0.0,0.0,9.81
1567977376.2311993,-0.23949739850092197,0.0,9.81,0.0,0.0,9.81
1567977376.3312316,-0.19559660538761936,0.0,9.81,0.0,0.0,9.81
1567977376.4311292,-0.21766200810548428,0.0,9.81,0.0,0.0,9.81
1567977376.5312216,-0.17127590117362904,0.0,9.81,0.0,0.0,9.81
1567977376.6312456,-0.19318163252257273,0.0,9.81,0.0,0.0,9.81
1567977376.731125,-0.14461109720402354,0.0,9.81,0.0,0.0,9.81
1567977376.8311238,-0.16452792100560473,0.0,9.81,0.0,0.0,9.81
1567977376.931298,-0.1120265308849009,0.0,9.81,0.0,0.0,9.81
1567977377.0311337,-0.11697742719786983,0.0,9.81,0.0,0.0,9.81
1567977377.131112,-0.07448395729935028,0.0,9.81,0.0,0.0,9.81
1567977377.231295,-0.05683805813517083,0.0,9.81,0.0,0.0,9.81
1567977377.331223,-0.032651327807701754,0.0,9.81,0.0,0.0,9.81
1567977377.4312425,-0.01338583101774678,0.0,9.81,0.0,0.0,9.81
1567977377.5312335,0.0037121018205047776,0.0,9.81,0.0,0.0,9.81
1567977377.6311913,0.01170898197389293,0.0,9.81,0.0,0.0,9.81
1567977377.7311842,0.020469625612928605,0.0,9.81,0.0,0.0,9.81
1567977377.8311653,0.019965335998578915,0.0,9.81,0.0,0.0,9.81
1567977377.9312654,0.020601561865607368,0.0,9.81,0.0,0.0,9.81
1567977378.031357,0.016089583355573863,0.0,9.81,0.0,0.0,9.81
1567977378.131359,0.012491363128411878,0.0,9.81,0.0,0.0,9.81
1567977378.231123,0.0071887768600923845,0.0,9.81,0.0,0.0,9.81
1567977378.3313,0.00309588877347178,0.0,9.81,0.0,0.0,9.81
1567977378.431301,-0.0007996561002493836,0.0,9.81,0.0,0.0,9.81
1567977378.5312862,-0.003492588012934099,0.0,9.81,0.0,0.0,9.81
1567977378.6311264,-0.005083217092763163,0.0,9.81,0.0,0.0,9.81
1567977378.731188,-0.006195395387563976,0.0,9.81,0.0,0.0,9.81
1567977378.831101,-0.005928850288539782,0.0,9.81,0.0,0.0,9.81
1567977378.9312465,-0.006086895076618506,0.0,9.81,0.0,0.0,9.81
1567977379.0311356,-0.004795169793941132,0.0,9.81,0.0,0.0,9.81
1567977379.131236,-0.004636096174349038,0.0,9.81,0.0,0.0,9.81
1567977379.2311993,-0.0030516838123704816,0.0,9.81,0.0,0.0,9.81
1567977379.3311274,-0.00308170529029068,0.0,9.81,0.0,0.0,9.81
1567977379.43135,-0.001600638365710008,0.0,9.81,0.0,0.0,9.81
1567977379.531316,-0.0020439406583853304,0.0,9.81,0.0,0.0,9.81
1567977379.6313183,-0.0007760471272687643,0.0,9.81,0.0,0.0,9.81
1567977379.7312992,-0.0016635422882092755,0.0,9.81,0.0,0.0,9.81
1567977379.8311417,-0.0005622996374928616,0.0,9.81,0.0,0.0,9.81
1567977379.9313307,-0.0018267510056613322,0.0,9.81,0.0,0.0,9.81
1567977380.0313354,-0.0007239890028852453,0.0,9.81,0.0,0.0,9.81
1567977380.1311243,-0.0021787410645451,0.0,9.81,0.0,0.0,9.81
1567977380.2313318,-0.0009951322008310778,0.0,9.81,0.0,0.0,9.81
1567977380.3311822,-0.0025229251055947205,0.0,9.81,0.0,0.0,9.81
1567977380.4311335,-0.0012262159460457386,0.0,9.81,0.0,0.0,9.81
1567977380.531182,-0.002779896276968141,0.0,9.81,0.0,0.0,9.81
1567977380.6313372,-0.0013325138509389823,0.0,9.81,0.0,0.0,9.81
1567977380.7311678,-0.002916736552585116,0.0,9.81,0.0,0.0,9.81
1567977380.8312685,-0.0013322891076397742,0.0,9.81,0.0,0.0,9.81
1567977380.931222,-0.0029462868620599974,0.0,9.81,0.0,0.0,9.81
1567977381.0311756,-0.0012435652083203424,0.0,9.81,0.0,0.0,9.81
1567977381.1311147,-0.0029399719810394532,0.0,9.81,0.0,0.0,9.81
1567977381.2313452,-0.001150656521346948,0.0,9.81,0.0,0.0,9.81
1567977381.3312466,-0.0029139013930625578,0.0,9.81,0.0,0.0,9.81
1567977381.4311845,-0.0010787091599509901,0.0,9.81,0.0,0.0,9.81
1567977381.5312834,-0.002865947575273182,0.0,9.81,0.0,0.0,9.81
1567977381.6312344,-0.0010606974893589245,0.0,9.81,0.0,0.0,9.81
1567977381.7312129,-0.0028449849622035677,0.0,9.81,0.0,0.0,9.81
1567977381.8312962,-0.001085158220373261,0.0,9.81,0.0,0.0,9.81
1567977381.9311166,-0.002814637162119683,0.0,9.81,0.0,0.0,9.81
1567977382.0311568,-0.0011234402366622767,0.0,9.81,0.0,0.0,9.81
1567977382.1313298,-0.002760842326879279,0.0,9.81,0.0,0.0,9.81
1567977382.231302,-0.001187865803837904,0.0,9.81,0.0,0.0,9.81
1567977382.3311946,-0.0026929364533513876,0.0,9.81,0.0,0.0,9.81
1567977382.4311984,-0.0013062759196656325,0.0,9.81,0.0,0.0,9.81
1567977382.531336,-0.0025426980644729074,0.0,9.81,0.0,0.0,9.81
1567977382.6311302,-0.0014782834627781768,0.0,9.81,0.0,0.0,9.81
1567977382.7311728,-0.002408567232017372,0.0,9.81,0.0,0.0,9.81
1567977382.8311222,-0.0016379105255127891,0.0,9.81,0.0,0.0,9.81
1567977382.9311662,-0.0022561203443218704,0.0,9.81,0.0,0.0,9.81
1567977383.0313938,-0.0018088257272699823,0.0,9.81,0.0,0.0,9.81
1567977383.1312664,-0.0020887254570716263,0.0,9.81,0.0,0.0,9.81
1567977383.2312398,-0.0019354620856193662,0.0,9.81,0.0,0.0,9.81
1567977383.331346,-0.001633854359631959,0.0,9.81,0.0,0.0,9.81
1567977383.4311197,0.002501316082015529,0.0,9.81,0.0,0.0,9.81
1567977383.5313034,0.006895202874183729,0.0,9.81,0.0,0.0,9.81
1567977383.6311157,-0.008541637897994983,0.0,9.81,0.0,0.0,9.81
1567977383.7312179,0.0031932846583801683,0.0,9.81,0.0,0.0,9.81
1567977383.8312035,-0.0074308281217675895,0.0,9.81,0.0,0.0,9.81
1567977383.9312575,-0.0009880482752541117,0.0,9.81,0.0,0.0,9.81
1567977384.0312529,-0.0018241495716681017,0.0,9.81,0.0,0.0,9.81
1567977384.1312778,-0.007930556804542094,0.0,9.81,0.0,0.0,9.81
1567977384.2312667,-0.0009677569082431313,0.0,9.81,0.0,0.0,9.81
1567977384.3311589,-0.00538519820516605,0.0,9.81,0.0,0.0,9.81
1567977384.4311137,-0.0026106681264885783,0.0,9.81,0.0,0.0,9.81
1567977384.5311997,-0.0032253693585417575,0.0,9.81,0.0,0.0,9.81
1567977384.6313004,-0.0016346485568588893,0.0,9.81,0.0,0.0,9.81
1567977384.7312505,-0.0035442887282775334,0.0,9.81,0.0,0.0,9.81
1567977384.8312094,-0.0004004055512534615,0.0,9.81,0.0,0.0,9.81
1567977384.9311657,-0.003243865730326052,0.0,9.81,0.0,0.0,9.81
1567977385.0313501,-0.0004642031351234354,0.0,9.81,0.0,0.0,9.81
1567977385.1313503,-0.002556624389118779,0.0,9.81,0.0,0.0,9.81
1567977385.231245,-0.0007549773689665332,0.0,9.81,0.0,0.0,9.81
1567977385.3311133,-0.002526878596558812,0.0,9.81,0.0,0.0,9.81
1567977385.4311547,-0.0007559720992674161,0.0,9.81,0.0,0.0,9.81
1567977385.5311892,-0.0027699713445387716,0.0,9.81,0.0,0.0,9.81
1567977385.6312106,-0.000854304057353069,0.0,9.81,0.0,0.0,9.81
1567977385.7311842,-0.0028188881680902894,0.0,9.81,0.0,0.0,9.81
1567977385.831119,-0.0010762302931135162,0.0,9.81,0.0,0.0,9.81
1567977385.9311898,-0.002730983351640317,0.0,9.81,0.0,0.0,9.81
1567977386.0311866,-0.0012604939426490921,0.0,9.81,0.0,0.0,9.81
1567977386.1313212,-0.002633342531399973,0.0,9.81,0.0,0.0,9.81
1567977386.2311347,-0.0014238598978747244,0.0,9.81,0.0,0.0,9.81
1567977386.3312573,-0.002445214173921385,0.0,9.81,0.0,0.0,9.81
1567977386.4312065,-0.0015968055832719123,0.0,9.81,0.0,0.0,9.81
1567977386.531121,-0.0022421005930234688,0.0,9.81,0.0,0.0,9.81
1567977386.63121,-0.0017939543696931031,0.0,9.81,0.0,0.0,9.81
1567977386.7311382,-0.0020362319601790234,0.0,9.81,0.0,0.0,9.81
1567977386.8312364,-0.001958211711731846,0.0,9.81,0.0,0.0,9.81
1567977386.931361,-0.0018772859528340567,0.0,9.81,0.0,0.0,9.81
1567977387.0312736,-0.0020694100564145664,0.0,9.81,0.0,0.0,9.81
1567977387.1311953,-0.0018049097670777517,0.0,9.81,0.0,0.0,9.81
1567977387.2311625,-0.0021116761364569736,0.0,9.81,0.0,0.0,9.81
1567977387.331107,-0.0017783630098503322,0.0,9.81,0.0,0.0,9.81
1567977387.431193,-0.0021136953479882737,0.0,9.81,0.0,0.0,9.81
1567977387.5312862,-0.001774092525598855,0.0,9.81,0.0,0.0,9.81
1567977387.6312041,-0.0021214019359910912,0.0,9.81,0.0,0.0,9.81
1567977387.731201,-0.001785437502599427,0.0,9.81,0.0,0.0,9.81
1567977387.8311841,-0.0021027501866367165,0.0,9.81,0.0,0.0,9.81
1567977387.9311233,-0.0017994305386018839,0.0,9.81,0.0,0.0,9.81
1567977388.0311804,-0.002112615534265787,0.0,9.81,0.0,0.0,9.81
1567977388.1311169,-0.0018387718516075192,0.0,9.81,0.0,0.0,9.81
1567977388.231129,-0.0020887195651154962,0.0,9.81,0.0,0.0,9.81
1567977388.331252,-0.0018437192463178459,0.0,9.81,0.0,0.0,9.81
1567977388.4313178,-0.002055533285307778,0.0,9.81,0.0,0.0,9.81
1567977388.5313587,-0.0018518602321685776,0.0,9.81,0.0,0.0,9.81
1567977388.631234,-0.002058799523323846,0.0,9.81,0.0,0.0,9.81
1567977388.731203,-0.001852619565949329,0.0,9.81,0.0,0.0,9.81
1567977388.8311977,-0.0020630344545665624,0.0,9.81,0.0,0.0,9.81
1567977388.9311733,-0.0018773234847485035,0.0,9.81,0.0,0.0,9.81
1567977389.031218,-0.002064842833943508,0.0,9.81,0.0,0.0,9.81
1567977389.1311023,-0.0019094003143083336,0.0,9.81,0.0,0.0,9.81
1567977389.2313278,-0.0020156489149542973,0.0,9.81,0.0,0.0,9.81
1567977389.3311014,-0.0019286972980098428,0.0,9.81,0.0,0.0,9.81
1567977389.431199,-0.001989063923699245,0.0,9.81,0.0,0.0,9.81
1567977389.5311224,-0.0019264731713584365,0.0,9.81,0.0,0.0,9.81
1567977389.6312313,-0.00199463447826318,0.0,9.81,0.0,0.0,9.81
1567977389.7311075,-0.0019369200915810467,0.0,9.81,0.0,0.0,9.81
1567977389.8313472,-0.0019821233361520486,0.0,9.81,0.0,0.0,9.81
1567977389.9312263,-0.0019483468617692776,0.0,9.81,0.0,0.0,9.81
1567977390.0311155,-0.0019807733487045977,0.0,9.81,0.0,0.0,9.81
1567977390.1312654,-0.0019761544809707133,0.0,9.81,0.0,0.0,9.81
1567977390.2311554,-0.001971946378097756,0.0,9.81,0.0,0.0,9.81
1567977390.3312583,-0.0019642024018527273,0.0,9.81,0.0,0.0,9.81
1567977390.4312255,-0.0019708553047643757,0.0,9.81,0.0,0.0,9.81
1567977390.5313401,-0.0019754597314665043,0.0,9.81,0.0,0.0,9.81
1567977390.631338,-0.0019817833335747125,0.0,9.81,0.0,0.0,9.81
1567977390.7312353,-0.0019365667455190697,0.0,9.81,0.0,0.0,9.81
1567977390.8311713,-0.0019164769659927355,0.0,9.81,0.0,0.0,9.81
1567977390.9311018,0.002693983346659242,0.0,9.81,0.0,0.0,9.81
1567977391.0311234,0.0067423644950787955,0.0,9.81,0.0,0.0,9.81
1567977391.131142,-0.008321289227622994,0.0,9.81,0.0,0.0,9.81
1567977391.2311833,0.003061010039359609,0.0,9.81,0.0,0.0,9.81
1567977391.3311152,-0.007207703769039933,0.0,9.81,0.0,0.0,9.81
1567977391.4311755,-0.001116665099452139,0.0,9.81,0.0,0.0,9.81
1567977391.5311759,-0.0016780092124877946,0.0,9.81,0.0,0.0,9.81
1567977391.6312344,-0.007921255175538117,0.0,9.81,0.0,0.0,9.81
1567977391.7312787,-0.0009618262866737323,0.0,9.81,0.0,0.0,9.81
1567977391.8312206,-0.0053561204592790556,0.0,9.81,0.0,0.0,9.81
1567977391.9311595,-0.0026531302987158217,0.0,9.81,0.0,0.0,9.81
1567977392.0313199,-0.003172630325272255,0.0,9.81,0.0,0.0,9.81
1567977392.1311166,-0.0016482144317921256,0.0,9.81,0.0,0.0,9.81
1567977392.2313561,-0.0035681533599910948,0.0,9.81,0.0,0.0,9.81
1567977392.3311563,-0.00037260904779296147,0.0,9.81,0.0,0.0,9.81
1567977392.4313548,-0.003273356708703942,0.0,9.81,0.0,0.0,9.81
1567977392.53113,-0.00043594371664915706,0.0,9.81,0.0,0.0,9.81
1567977392.6311266,-0.0025757414150876247,0.0,9.81,0.0,0.0,9.81
1567977392.731344,-0.0007571365171493351,0.0,9.81,0.0,0.0,9.81
1567977392.8313448,-0.002519257048087777,0.0,9.81,0.0,0.0,9.81
1567977392.9311633,-0.00082550368665151,0.0,9.81,0.0,0.0,9.81
1567977393.0311794,-0.002735353983160231,0.0,9.81,0.0,0.0,9.81
1567977393.1312017,-0.001012629731622025,0.0,9.81,0.0,0.0,9.81
1567977393.2311306,-0.0027490675988215622,0.0,9.81,0.0,0.0,9.81
1567977393.33113,-0.0013057894936059362,0.0,9.81,0.0,0.0,9.81
1567977393.4312112,-0.002620793941174652,0.0,9.81,0.0,0.0,9.81
1567977393.5313044,-0.0015193234073011472,0.0,9.81,0.0,0.0,9.81
1567977393.6312106,-0.0024830691274167057,0.0,9.81,0.0,0.0,9.81
1567977393.7311382,-0.001645700569446153,0.0,9.81,0.0,0.0,9.81
1567977393.8311648,-0.002317630675504179,0.0,9.81,0.0,0.0,9.81
1567977393.9313507,-0.0017474263100063462,0.0,9.81,0.0,0.0,9.81
1567977394.0312257,-0.002188947634694052,0.0,9.81,0.0,0.0,9.81
1567977394.1312091,-0.0018376757256730017,0.0,9.81,0.0,0.0,9.81
1567977394.2311513,-0.0020500634262163786,0.0,9.81,0.0,0.0,9.81
1567977394.3314292,-0.0019392630095612265,0.0,9.81,0.0,0.0,9.81
1567977394.43133,0.002928701492392603,0.0,9.81,0.0,0.0,9.81
1567977394.5311556,0.006723320159034233,0.0,9.81,0.0,0.0,9.81
1567977394.6311886,-0.007698725389845563,0.0,9.81,0.0,0.0,9.81
1567977394.7313375,-0.003304468262309136,0.0,9.81,0.0,0.0,9.81
1567977394.8312824,0.0014823550348251682,0.0,9.81,0.0,0.0,9.81
1567977394.9313116,-0.00868492193874254,0.0,9.81,0.0,0.0,9.81
1567977395.0313158,0.00394513771809804,0.0,9.81,0.0,0.0,9.81
1567977395.1313152,-0.013414357835443544,0.0,9.81,0.0,0.0,9.81
1567977395.2311008,0.002598844472217136,0.0,9.81,0.0,0.0,9.81
1567977395.3312075,-0.0036356640590881418,0.0,9.81,0.0,0.0,9.81
1567977395.4311337,-0.009218029474649166,0.0,9.81,0.0,0.0,9.81
1567977395.5311007,0.004532802191973913,0.0,9.81,0.0,0.0,9.81
1567977395.6312592,0.004485866889394052,0.0,9.81,0.0,0.0,9.81
1567977395.7311563,-0.007490843172839602,0.0,9.81,0.0,0.0,9.81
1567977395.8312054,0.0033831994034798753,0.0,9.81,0.0,0.0,9.81
1567977395.9311383,-0.0053648016887576965,0.0,9.81,0.0,0.0,9.81
1567977396.031117,-0.001470697548163599,0.0,9.81,0.0,0.0,9.81
1567977396.1312625,0.000488080022210904,0.0,9.81,0.0,0.0,9.81
1567977396.2311974,-0.007337927356324576,0.0,9.81,0.0,0.0,9.81
1567977396.33123,0.0015232835317336476,0.0,9.81,0.0,0.0,9.81
1567977396.431255,-0.004461018388280841,0.0,9.81,0.0,0.0,9.81
1567977396.53127,0.0044405244459079195,0.0,9.81,0.0,0.0,9.81
1567977396.6311371,-0.00871924881363413,0.0,9.81,0.0,0.0,9.81
1567977396.7311535,0.0039549189353265506,0.0,9.81,0.0,0.0,9.81
1567977396.8312213,-0.00873637683484677,0.0,9.81,0.0,0.0,9.81
1567977396.931214,0.0034965307144930007,0.0,9.81,0.0,0.0,9.81
1567977397.0312457,-0.004349860878283605,0.0,9.81,0.0,0.0,9.81
1567977397.1313338,-0.0047285932426730905,0.0,9.81,0.0,0.0,9.81
1567977397.2311964,-0.0012627357522985163,0.0,9.81,0.0,0.0,9.81
1567977397.3311152,-0.0034189331485538973,0.0,9.81,0.0,0.0,9.81
1567977397.4311154,-0.0022442552402354436,0.0,9.81,0.0,0.0,9.81
1567977397.5311694,-0.0017878286890726652,0.0,9.81,0.0,0.0,9.81
1567977397.631326,-0.0019379304092101354,0.0,9.81,0.0,0.0,9.81
1567977397.7312696,-0.0025772336206959625,0.0,9.81,0.0,0.0,9.81
1567977397.8311458,-0.0008181389609626342,0.0,9.81,0.0,0.0,9.81
1567977397.9311872,-0.0027372185958261346,0.0,9.81,0.0,0.0,9.81
1567977398.0313287,-0.00098798138787604,0.0,9.81,0.0,0.0,9.81
1567977398.1311579,-0.0024031540705073996,0.0,9.81,0.0,0.0,9.81
1567977398.2313175,-0.0012751686416972202,0.0,9.81,0.0,0.0,9.81
1567977398.3312461,-0.002469998399247999,0.0,9.81,0.0,0.0,9.81
1567977398.4311955,-0.0011957893572177708,0.0,9.81,0.0,0.0,9.81
1567977398.5311153,-0.002701605289583309,0.0,9.81,0.0,0.0,9.81
1567977398.6311362,-0.0012313891089230985,0.0,9.81,0.0,0.0,9.81
1567977398.7312963,-0.0027147594476325952,0.0,9.81,0.0,0.0,9.81
1567977398.8313222,-0.0013174779530082165,0.0,9.81,0.0,0.0,9.81
1567977398.931124,-0.002675768180428908,0.0,9.81,0.0,0.0,9.81
1567977399.0312889,-0.001368539845462998,0.0,9.81,0.0,0.0,9.81
1567977399.1311855,-0.0026365831146849756,0.0,9.81,0.0,0.0,9.81
1567977399.2312453,-0.0013942324759339847,0.0,9.81,0.0,0.0,9.81
1567977399.3312619,-0.00254196793142531,0.0,9.81,0.0,0.0,9.81
1567977399.4311006,-0.001527794703885433,0.0,9.81,0.0,0.0,9.81
1567977399.5311859,-0.0023921612646190357,0.0,9.81,0.0,0.0,9.81
1567977399.6311338,-0.0016455311543954114,0.0,9.81,0.0,0.0,9.81
1567977399.7312317,-0.0022387242419211885,0.0,9.81,0.0,0.0,9.81
1567977399.831115,-0.001770656903321528,0.0,9.81,0.0,0.0,9.81
1567977399.931176,-0.002111256999434911,0.0,9.81,0.0,0.0,9.81
1567977400.0312848,-0.0018711577582525049,0.0,9.81,0.0,0.0,9.81
1567977400.1313486,-0.0020309133051203223,0.0,9.81,0.0,0.0,9.81
1567977400.2312233,-0.0019523684155226227,0.0,9.81,0.0,0.0,9.81
1567977400.3312302,-0.0019513740396865733,0.0,9.81,0.0,0.0,9.81
1567977400.4312787,-0.002026186970429717,0.0,9.81,0.0,0.0,9.81
1567977400.5312104,0.0027289262222928833,0.0,9.81,0.0,0.0,9.81
1567977400.6312068,0.0066985871651987,0.0,9.81,0.0,0.0,9.81
1567977400.73123,-0.008297312395734741,0.0,9.81,0.0,0.0,9.81
1567977400.8311138,0.0030107333585803896,0.0,9.81,0.0,0.0,9.81
1567977400.93127,-0.007161763084411405,0.0,9.81,0.0,0.0,9.81
1567977401.031294,-0.0011566339511530227,0.0,9.81,0.0,0.0,9.81
1567977401.131134,-0.0016287380280484765,0.0,9.81,0.0,0.0,9.81
1567977401.2312083,-0.00798929515978146,0.0,9.81,0.0,0.0,9.81
1567977401.3311672,-0.0009251241395985059,0.0,9.81,0.0,0.0,9.81
1567977401.4312248,-0.0053585729836457974,0.0,9.81,0.0,0.0,9.81
1567977401.5311775,0.0003937749853228037,0.0,9.81,0.0,0.0,9.81
1567977401.631143,-0.0015991731142531035,0.0,9.81,0.0,0.0,9.81
1567977401.7312262,0.0064796779996139755,0.0,9.81,0.0,0.0,9.81
1567977401.831247,-0.01012927117314383,0.0,9.81,0.0,0.0,9.81
1567977401.9313447,0.005062675656030246,0.0,9.81,0.0,0.0,9.81
1567977402.0311358,-0.008974450972654908,0.0,9.81,0.0,0.0,9.81
1567977402.1312664,0.0023007392905664637,0.0,9.81,0.0,0.0,9.81
1567977402.2311985,-0.003555073875509048,0.0,9.81,0.0,0.0,9.81
1567977402.3312178,-0.0060837436364790465,0.0,9.81,0.0,0.0,9.81
1567977402.4311528,-0.0012216434100749528,0.0,9.81,0.0,0.0,9.81
1567977402.531129,-0.004178236542019992,0.0,9.81,0.0,0.0,9.81
1567977402.631291,-0.0025005530243259544,0.0,9.81,0.0,0.0,9.81
1567977402.7311764,-0.002559431624198081,0.0,9.81,0.0,0.0,9.81
1567977402.831216,-0.0017547718358690676,0.0,9.81,0.0,0.0,9.81
1567977402.931142,-0.0061450406682620464,0.0,9.81,0.0,0.0,9.81
1567977403.0313525,0.005460416374698259,0.0,9.81,0.0,0.0,9.81
1567977403.1312165,0.005494360477699723,0.0,9.81,0.0,0.0,9.81
1567977403.2311106,-0.005939729497287068,0.0,9.81,0.0,0.0,9.81
1567977403.331166,0.002014109529983334,0.0,9.81,0.0,0.0,9.81
1567977403.4311597,-0.004753729596587657,0.0,9.81,0.0,0.0,9.81
1567977403.5311105,-0.0025769390716456194,0.0,9.81,0.0,0.0,9.81
1567977403.631153,0.0001236526244246441,0.0,9.81,0.0,0.0,9.81
1567977403.7311976,-0.007493512783786448,0.0,9.81,0.0,0.0,9.81
1567977403.8311794,-0.0007143014083301777,0.0,9.81,0.0,0.0,9.81
1567977403.931209,-0.005082897609887478,0.0,9.81,0.0,0.0,9.81
1567977404.0311937,-0.00265816571183408,0.0,9.81,0.0,0.0,9.81
1567977404.1311488,-0.0031091720347919787,0.0,9.81,0.0,0.0,9.81
1567977404.2312586,-0.001524565586846771,0.0,9.81,0.0,0.0,9.81
1567977404.3311882,-0.003921102966167077,0.0,9.81,0.0,0.0,9.81
1567977404.4311993,-0.0004325420823188563,0.0,9.81,0.0,0.0,9.81
1567977404.531258,-0.003458253144175823,0.0,9.81,0.0,0.0,9.81
1567977404.6312864,-0.0005991786897282159,0.0,9.81,0.0,0.0,9.81
