time,desired_speed,desired_jog
1567977298.7458773,2.356896254582586,-0.20767093924861335
1567977298.8458383,2.358192630031725,-0.20763219975559544
1567977298.9465187,2.3602661964642837,-0.20756305973164135
1567977299.046441,2.358340739984744,-0.20745246952190488
1567977299.1463394,2.364324717972849,-0.20755516053414702
1567977299.2466736,2.3704085708844027,-0.20723601504144806
1567977299.346094,2.374555540012097,-0.2069115428861652
1567977299.4470036,2.378032295613797,-0.20669037119935485
1567977299.5461679,2.3807646311923563,-0.20650494423393084
1567977299.6464252,2.385695287109263,-0.20635921966974102
1567977299.7493184,2.386795925548985,-0.20609625135417264
1567977299.846955,2.3849016815751916,-0.2060375506373875
1567977299.9471514,2.3849016815751916,-0.20613857698265647
1567977300.0471475,2.385304383673426,-0.20613857698265647
1567977300.1472876,2.3863820695352427,-0.2061170995374173
1567977300.2469335,2.386283612194329,-0.20605962295812041
1567977300.347246,2.387865140031803,-0.20606487401630247
1567977300.44727,2.387935351783999,-0.2059805258649705
1567977300.547243,2.3945700996578005,-0.20597678123818675
1567977300.6472852,2.4001303857471905,-0.20562292801825066
1567977300.7472434,2.403316436281572,-0.20532637942681653
1567977300.8473198,2.406766718995207,-0.2051564567316495
1567977300.9476388,2.409414329515364,-0.20497244165358897
1567977301.0469577,2.412488410435082,-0.2048312357591806
1567977301.1467476,2.411754120944554,-0.20466728477679563
1567977301.247844,2.4096242671482417,-0.20470644688295714
1567977301.3472786,2.4090387345434565,-0.20482003908542712
1567977301.447308,2.408979933657013,-0.20485126749101568
1567977301.54722,2.40936962210912,-0.20485440353829265
1567977301.6473203,2.4096760186055612,-0.20483362015418027
1567977301.7477274,2.412253255177133,-0.2048172790077034
1567977301.8470628,2.4168300472826703,-0.20467982639055293
1567977301.9474194,2.420954537470238,-0.20443573081159094
1567977302.0472987,2.424291208972285,-0.2042157580015873
1567977302.1474674,2.4270778054197755,-0.20403780218814482
1567977302.2460315,2.429720804572078,-0.20388918371094533
1567977302.3460557,2.4308642015060116,-0.20374822375615587
1567977302.446091,2.4299717217779575,-0.20368724258634607
1567977302.5461974,2.428613045397904,-0.20373484150517562
1567977302.64632,2.4277531882493877,-0.20380730424544513
1567977302.7462611,2.427445092872044,-0.203853163293366
1567977302.8462105,2.427365361111267,-0.20386959504682434
1567977302.947118,2.428253345105952,-0.2038738474073991
1567977303.0479174,2.4308610318689086,-0.2038264882610159
1567977303.1458943,2.434413110809342,-0.20368741163365822
1567977303.2459776,2.4378255563470344,-0.2034979674235018
1567977303.3459463,2.4407083251949184,-0.20331597032815818
1567977303.448177,2.4432352840447704,-0.20316222265627104
1567977303.5461905,2.4450075686759556,-0.20302745151761226
1567977303.646316,2.4453149997294537,-0.2029329296706157
1567977303.7462208,2.4443946813025033,-0.2029165333477625
1567977303.8463912,2.443151569343266,-0.20296561699719984
1567977303.9467356,2.442203542045002,-0.20303191630169248
1567977304.0478919,2.441583815686871,-0.2030824777575999
1567977304.1469653,2.4415322425768387,-0.20311552983003356
1567977304.2468731,2.4426093454369417,-0.20311828039590196
1567977304.3460543,2.4449067799219297,-0.2030608349100298
1567977304.446275,2.447805133180492,-0.20293830507083044
1567977304.546223,2.4506244959258408,-0.20278372623037377
1567977304.6469967,2.4531210940534733,-0.2026333602172885
1567977304.7461586,2.4551101511121667,-0.2025002083171481
1567977304.846506,2.4561344266458565,-0.2023941252740178
1567977304.9469125,2.455958166470568,-0.20233949724555433
1567977305.0463352,2.454931240157349,-0.2023488977882364
1567977305.1462011,2.453670029057942,-0.20240366719160807
1567977305.2465787,2.452566308073068,-0.20247093178357645
1567977305.3456814,2.451836244262179,-0.20252979690276973
1567977305.4458735,2.4518419830836473,-0.20256873363935046
1567977305.54602,2.452892264162421,-0.20256842756887217
1567977305.6464725,2.454840351798127,-0.20251241257800423
1567977305.7461917,2.4572212963380693,-0.20240851457076658
1567977305.8462172,2.4595639468528776,-0.20228153086196965
1567977305.946687,2.4615907713990586,-0.20215658950117987
1567977306.047494,2.462992960608468,-0.20204849219205023
1567977306.145943,2.4634331935695535,-0.2019737087675484
1567977306.2462177,2.4629094858812874,-0.2019502296762905
1567977306.3461032,2.461742226477404,-0.20197816075299801
1567977306.4463606,2.460377858484203,-0.2020404145878718
1567977306.546309,2.459165351352538,-0.2021131808808425
1567977306.646466,2.4583990547819403,-0.20217784792786464
1567977306.7461622,2.458412002050864,-0.20221871707829653
1567977306.8462446,2.459323671200903,-0.20221802655728727
1567977306.9468594,2.4609358974808653,-0.20216940420261853
1567977307.04755,2.4628678753545965,-0.20208341880102054
1567977307.146309,2.4647623216323136,-0.2019803799810882
1567977307.2465022,2.466280727831505,-0.20187934284627662
1567977307.3461034,2.4671214572120186,-0.20179836118231975
1567977307.4460142,2.4670921789400615,-0.2017535222820257
1567977307.546389,2.4662734337783436,-0.2017550837898634
1567977307.6467223,2.464948890845609,-0.20179875019848836
1567977307.7461405,2.463464346789957,-0.2018693924882342
1567977307.8461707,2.4621819621518606,-0.20194856817120233
1567977307.9464767,2.461396409650313,-0.20201696201856745
1567977308.0462646,2.461363399296213,-0.20205885815198332
1567977308.1463811,2.4620858115236848,-0.202060618704202
1567977308.2463062,2.4633609270375283,-0.20202209005207017
1567977308.3465858,2.464899485162414,-0.20195408389133185
1567977308.4463098,2.4663401577595003,-0.2018720274580046
1567977308.5462067,2.467369784854984,-0.20179519158616
1567977308.646285,2.467715404410276,-0.20174027814106754
1567977308.7467513,2.4672734687299416,-0.20172184509811864
1567977308.8468056,2.46618452915956,-0.2017454150010698
1567977308.9470305,2.464688613106914,-0.20180349177815682
1567977309.0464551,2.463102178037269,-0.20188327396763128
1567977309.1459765,2.461762134170265,-0.20196788383801234
1567977309.2460709,2.4609464917915607,-0.20203935284425256
1567977309.3464792,2.460808214101712,-0.2020828537711168
1567977309.4465628,2.4613183893637984,-0.20209022858124204
1567977309.5460763,2.4622873192160504,-0.20206301923393077
1567977309.6463692,2.4634288154826436,-0.202011342975144
1567977309.7461696,2.4644232895291056,-0.20195046317425902
1567977309.8468087,2.464975978954348,-0.20189742455844772
1567977309.9460015,2.4648851567912082,-0.20186794778910144
1567977310.0460846,2.4641068811405655,-0.20187279163780225
1567977310.1461813,2.462758328719317,-0.20191429967250318
1567977310.247727,2.4611003818198642,-0.2019862224683031
1567977310.3470309,2.459418112913653,-0.20207464630294059
1567977310.4461448,2.458016039862277,-0.20216436731127185
1567977310.5464373,2.45713251032616,-0.2022391445406786
1567977310.6466029,2.4568584444014387,-0.20228626611593814
1567977310.7461119,2.45715077272099,-0.2023008829652566
1567977310.8461678,2.4578163667878687,-0.20228529212154722
1567977310.9459682,2.458566034318771,-0.2022497937713137
1567977311.0483353,2.4591323678260784,-0.20220981150299888
1567977311.1464312,2.4592413191924405,-0.20217960704927584
1567977311.2469351,2.458758674967271,-0.20217379630973653
1567977311.3462029,2.4576666915020366,-0.2021995373350789
1567977311.4463367,2.4560890845552246,-0.20225777645322474
1567977311.5472085,2.454273803668733,-0.20234191549038805
1567977311.6466455,2.4524993095364493,-0.20243873047100092
1567977311.7461398,2.4510439694935218,-0.20253337015805606
1567977311.8464105,2.450057759847907,-0.20261098829367885
1567977311.945972,2.4496268228061227,-0.20266358614144497
1567977312.046548,2.4496770292390004,-0.20268656945034014
1567977312.1460342,2.4500131495979964,-0.20268389177392
1567977312.2463968,2.4504097463242562,-0.20266596535477355
1567977312.3461273,2.4505689484118522,-0.20264481352937302
1567977312.446753,2.450281747182937,-0.2026363227513679
1567977312.5460165,2.4494351939549857,-0.2026516401502434
1567977312.6470265,2.4480598288841695,-0.20269678965573412
1567977312.7461586,2.446292928367605,-0.20277014245951097
1567977312.846528,2.4443314854119493,-0.20286437715372774
1567977312.9462721,2.4424524065817135,-0.20296898744469605
1567977313.0477767,2.4408990690636183,-0.20306920498230863
1567977313.1457403,2.439810180961233,-0.20315204964994038
1567977313.2463825,2.439210172723472,-0.2032101236820676
1567977313.350478,2.439011919107964,-0.20324212412141485
1567977313.4473026,2.439057830078223,-0.20325269764757525
1567977313.547802,2.439057830078223,-0.20325024906249478
1567977313.646252,2.438824342955254,-0.20325024906249478
1567977313.7463033,2.438149816968455,-0.20326270170905314
1567977313.8463285,2.4369825396199922,-0.2032986764283491
1567977313.9465845,2.435324125152272,-0.2033609312202671
1567977314.046281,2.427113135353304,-0.20344937999187884
1567977314.1462214,2.428256177007915,-0.2038872994478238
1567977314.2475877,2.4289535611069173,-0.20382633722624455
1567977314.3459756,2.4276072481955295,-0.2037891434076311
1567977314.4469094,2.426431589410322,-0.20386094676290512
1567977314.546325,2.4256763852160748,-0.20392364856478284
1567977314.6463602,2.4292723398363805,-0.20396392612180936
1567977314.7463255,2.4288653584295385,-0.20377214187539305
1567977314.8472002,2.426052015109082,-0.20379384755042462
1567977314.9459028,2.424345613883411,-0.20394389252751566
1567977315.0465927,2.4231174581426544,-0.20403490059288476
1567977315.1482286,2.4215855550828005,-0.2041004022323918
1567977315.2462666,2.417082842618335,-0.20418210372891732
1567977315.3461602,2.413751783284968,-0.20442224839368883
1567977315.44634,2.413001028274409,-0.2045999048914684
1567977315.5461206,2.4123842916440434,-0.2046399451586982
1567977315.6464534,2.411172428067804,-0.20467283777898437
1567977315.7460334,2.409946597636076,-0.20473747050305047
1567977315.8465493,2.4106824990361266,-0.20480284812607596
1567977315.946008,2.411569326558444,-0.2047636000514066
1567977316.046411,2.410501562382517,-0.20471630258354967
1567977316.1463304,2.408482036218718,-0.20477325000626578
1567977316.246993,2.4066757533880603,-0.20488095806833506
1567977316.347659,2.4050123659875915,-0.2049772931526368
1567977316.4460342,2.4020684373635808,-0.20506600714732848
1567977316.546235,2.39838606330029,-0.20522301667394238
1567977316.646353,2.395784065465312,-0.2054194099573179
1567977316.7463145,2.3943592286012843,-0.20555818317518337
1567977316.8462303,2.3931446493006163,-0.2056341744745982
1567977316.9462204,2.391776134357915,-0.2056989520373005
1567977317.046372,2.391132371776073,-0.20577193950091122
1567977317.1459794,2.3913389866279835,-0.20580627350527614
1567977317.2461336,2.391086130860426,-0.20579525404650756
1567977317.345993,2.389758125735825,-0.20580873968744395
1567977317.4462721,2.3878576623810046,-0.20587956662742268
1567977317.5462542,2.3859058420860837,-0.2059809246730131
1567977317.646372,2.3834971437377397,-0.20608502175540888
1567977317.7462332,2.380271044941085,-0.20621348566732056
1567977317.8466444,2.377015408642186,-0.20638554426980882
1567977317.9460866,2.3745119709513043,-0.2065591782057501
1567977318.0477815,2.3726939938158056,-0.20669269488259712
1567977318.1460521,2.371075485154012,-0.20678965366315705
1567977318.2487826,2.369780137576694,-0.20687597412511938
1567977318.3463814,2.3691160035490713,-0.206945059329243
1567977318.446276,2.3687215377101447,-0.2069804798107162
1567977318.5460353,2.367848142178547,-0.2070015179887923
1567977318.6464555,2.366285594820528,-0.20704809908381083
1567977318.7464845,2.364317408414857,-0.2071314349429052
1567977318.8463798,2.3620123275253926,-0.20723640488454098
1567977318.946112,2.359163482481125,-0.20735934253197907
1567977319.0464492,2.35590016174016,-0.20751128093434001
1567977319.1459954,2.3527603448033623,-0.20768532470719148
1567977319.2466278,2.3501949643075286,-0.20785278161048737
1567977319.346256,2.348084738670714,-0.2079896019035985
1567977319.446329,2.346298021839877,-0.20810214727089527
1567977319.5459642,2.3449537187131777,-0.20819743883520658
1567977319.6465816,2.3440296860601677,-0.20826913500196387
1567977319.747198,2.34313740494464,-0.20831841674345775
1567977319.8463607,2.341847138866077,-0.20836600506961922
1567977319.9464536,2.3400528624731303,-0.2084348192604759
1567977320.0466888,2.3378436578561703,-0.20853051400143308
1567977320.1463492,2.3352074689626416,-0.20864833824767093
1567977320.2464457,2.3321082134786066,-0.20878893498865914
1567977320.3459704,2.328819755479367,-0.20895422861447432
1567977320.4465435,2.3257003951388193,-0.20912961304110045
1567977320.5463443,2.3229867709901484,-0.20929597892592966
1567977320.6468718,2.3206830942878676,-0.20944070554719207
1567977320.7467563,2.3187676975934988,-0.20956356830464706
1567977320.8464077,2.317260301053908,-0.2096657227950134
1567977320.946356,2.31602113635902,-0.2097461172771249
1567977321.0467043,2.3147310699902723,-0.20981220606085227
1567977321.1459918,2.313102195803923,-0.2098810096005188
1567977321.247006,2.3110387510302752,-0.20996788289045742
1567977321.346161,2.30855821753157,-0.2100779332783853
1567977321.446548,2.305665675883184,-0.21021022839831627
1567977321.5463395,2.3023953107551454,-0.2103644972862302
1567977321.646402,2.2990385111139098,-0.21053891675972558
1567977321.7462258,2.295859407659573,-0.2107179460739248
1567977321.8461752,2.2930095107247137,-0.21088749825815611
1567977321.9462557,2.290546295657514,-0.2110394927613486
1567977322.0465286,2.2884833395618975,-0.21117086423159925
1567977322.1472473,2.286750834220758,-0.2112808885566988
1567977322.2463155,2.285199655192882,-0.2113732888415596
1567977322.3461514,2.2835673803768386,-0.21145601838971295
1567977322.4463625,2.2816414359923822,-0.2115430730465686
1567977322.5461247,2.2793148184411303,-0.2116457900804063
1567977322.6462984,2.276586517711343,-0.21176987634980637
1567977322.746044,2.273451067128124,-0.2119153857220617
1567977322.846568,2.2700507115914146,-0.21208260975316673
1567977322.9463217,2.2666075668918593,-0.21226396204845788
1567977323.0461864,2.263330751138354,-0.21244759643243416
1567977323.1461105,2.260349265404588,-0.2126223599392878
1567977323.2462862,2.25773520370392,-0.21278137251175533
1567977323.346232,2.255497071670265,-0.21292078913579093
1567977323.4464314,2.253555890256936,-0.21304015617758587
1567977323.5461748,2.25171136180774,-0.2131436858529634
1567977323.6462455,2.2497516886245297,-0.2132420607035872
1567977323.746578,2.2475348998072855,-0.21334657660669176
1567977323.8459983,2.2449582341401877,-0.21346480534361145
1567977323.946401,2.2419822707310857,-0.21360222751252333
1567977324.0461733,2.2386664302522785,-0.21376094556100877
1567977324.1460478,2.23514622964347,-0.21393779038654515
1567977324.2461467,2.231603059178627,-0.21412553441901494
1567977324.3459823,2.2282202900970938,-0.2143145035104732
1567977324.448503,2.225118390757591,-0.21449491786148833
1567977324.546157,2.222356678965054,-0.21466035249292847
1567977324.6464334,2.2199239584558326,-0.21480764378853046
1567977324.746185,2.2177313634687112,-0.21493738888235558
1567977324.846504,2.2156028858866748,-0.21505432728166873
1567977324.9462402,2.2133663271141746,-0.215167846086044
1567977325.0464058,2.2108786573553365,-0.21528712922057736
1567977325.1461644,2.2080508752098105,-0.21541980494104873
1567977325.246427,2.2048725187995832,-0.2155706199888101
1567977325.3461952,2.2013861665556855,-0.2157401323306889
1567977325.4462848,2.1977469712549436,-0.2159260711170301
1567977325.5461924,2.1941100101884325,-0.21612016153306968
1567977325.6462235,2.190612210029985,-0.21631413278995026
1567977325.746141,2.187377422745851,-0.21650068213173412
1567977325.846327,2.1844717874804074,-0.21667320412022129
1567977325.946514,2.1818604026013544,-0.21682817133437826
1567977326.0465276,2.1794142118395032,-0.21696744519459443
1567977326.1460125,2.177019246511347,-0.21709790870189316
1567977326.246211,2.174530195935315,-0.2172256401860615
1567977326.3463984,2.171809409408371,-0.21735838955011655
1567977326.4463437,2.1687495343357344,-0.2175034981648869
1567977326.5458834,2.1653726710567978,-0.21766669150209417
1567977326.646308,2.161743050965198,-0.2178467908769708
1567977326.7463777,2.157977326523375,-0.21804037061518944
1567977326.8461928,2.154228262504793,-0.21824120925208668
1567977326.946106,2.1506134681190225,-0.21844115933307773
1567977327.0464528,2.147253294868845,-0.21863394836698546
1567977327.1464362,2.144191943657281,-0.21881315760699493
1567977327.2461562,2.14136660848373,-0.21897642967161168
1567977327.3463356,2.1387079529321507,-0.21912711421420106
1567977327.446116,2.13609148099429,-0.21926890917695196
1567977327.5459945,2.133347797142476,-0.2194084543469712
1567977327.6461222,2.1303877362850834,-0.21955478415240126
1567977327.7468119,2.127140955547002,-0.21971265406479557
1567977327.8466318,2.123602769858018,-0.21988581570415988
1567977327.9460835,2.1198361254713083,-0.22007451894090568
1567977328.0460649,2.115955120529706,-0.22027540664153022
1567977328.1461577,2.112082452627928,-0.22048239357174904
1567977328.2462187,2.1083695089332277,-0.22068893585984384
1567977328.3461385,2.104875910778609,-0.2208869595235612
1567977328.4462342,2.1016437547443587,-0.2210732847584742
1567977328.546239,2.0986327971130536,-0.2212456664136342
1567977328.6465962,2.095784337936757,-0.22140625082063714
1567977328.7460892,2.0929423377569476,-0.22155816864337297
1567977328.8488185,2.0899841749907972,-0.22170974198629612
1567977328.9466448,2.0868152723068882,-0.22186751066715749
1567977329.046134,2.0834025798158047,-0.2220365188102993
1567977329.1465132,2.079711039308843,-0.22221852907649042
1567977329.246273,2.075827773993835,-0.2224154112368617
1567977329.3466141,2.0718345103303393,-0.2226225187203288
1567977329.4465623,2.067866437824928,-0.2228354927823819
1567977329.547763,2.064033492553402,-0.22304712331600385
1567977329.648895,2.060409560655643,-0.22325154706381856
1567977329.7472835,2.0570129480623143,-0.22344482343169902
1567977329.8474367,2.0538437991331566,-0.22362597610334323
1567977329.947262,2.0507895821128304,-0.22379499737956499
1567977330.0471196,2.0477457949062416,-0.2239578889539824
1567977330.1466393,2.044590049023981,-0.2241202242716671
1567977330.2461631,2.0412510051294435,-0.224288530718721
1567977330.3475044,2.037674876010562,-0.224466613059763
1567977330.446076,2.033857509924328,-0.22465733994610337
1567977330.548427,2.0298355072539573,-0.22486093280403585
1567977330.6484454,2.0257456822629862,-0.22507543961312226
1567977330.745933,2.0216949568731297,-0.22529356361264075
1567977330.8470058,2.0216949568731297,-0.22550960230009975
1567977330.9463325,2.0139231960378785,-0.22550960230009975
1567977331.0466545,2.0103389247502825,-0.22592409621131315
1567977331.146166,2.006985419826446,-0.2261152573466516
1567977331.246343,2.0037552251676916,-0.22629411094258955
1567977331.347255,2.000540007531501,-0.22646638799105645
1567977331.4474268,2.003853966455946,-0.2266378662649866
1567977331.5472903,1.9977351558078782,-0.22646112178901623
1567977331.6473596,1.990801448061144,-0.22678745835691316
1567977331.747115,1.9863465727096323,-0.22715725610340565
1567977331.8477473,1.9821557699547103,-0.22739484945548627
1567977331.9475899,1.9779567924522596,-0.22761835893574878
1567977332.0469935,1.9698687805153021,-0.22784230440254616
1567977332.147311,1.9650380033591568,-0.2282736650391839
1567977332.2473352,1.9635595367529652,-0.22853130648751163
1567977332.3472772,1.9613769087485577,-0.22861015803984186
1567977332.4475434,1.9582824011395745,-0.2287265648667436
1567977332.546982,1.9549676697307867,-0.22889160527255603
1567977332.6471186,1.9539079170261124,-0.22906839094769138
1567977332.7478254,1.9522873056994017,-0.22912491109194066
1567977332.8473334,1.9477844028511937,-0.2292113436960319
1567977332.9472313,1.9423539043474825,-0.229451498514603
1567977333.0476024,1.9374839663655967,-0.2297411251014676
1567977333.1471295,1.9330247224983195,-0.23000085512716817
1567977333.2471895,1.9273705990853929,-0.2302386814667563
1567977333.3469732,1.9212384976846937,-0.2305402347154457
1567977333.446536,1.9168464526206215,-0.230867280123483
1567977333.5470734,1.9139691539455772,-0.2311015225269002
1567977333.647657,1.9112730426148195,-0.23125497845623588
1567977333.7479572,1.908208856413146,-0.23139877106054296
1567977333.8459547,1.9056635656762855,-0.2315621943246322
1567977333.9460075,1.9037738290113433,-0.23169794316393144
1567977334.0478346,1.9011041846470706,-0.23179872911939503
1567977334.146201,1.8969813823421278,-0.23194111015215624
1567977334.2464623,1.892097300022641,-0.23216099294175319
1567977334.3460128,1.8872575175295032,-0.23242147733212581
1567977334.4462726,1.8822077778661739,-0.23267959906509317
1567977334.54663,1.8765826947505393,-0.23294891851380406
1567977334.647498,1.8710946224417213,-0.2332489229466379
1567977334.7461274,1.866679131792817,-0.23354162013644153
1567977334.8465567,1.8632490460202185,-0.23377711297104975
1567977334.9460216,1.860131083813954,-0.2339600508789217
1567977335.046815,1.8571996170669984,-0.23412634219658912
1567977335.1469114,1.8546626535026811,-0.23428268708976008
1567977335.2458918,1.852242542168997,-0.23441799181319034
1567977335.3461301,1.8492075197610118,-0.2345470644176535
1567977335.4465325,1.8452182917293114,-0.2347089322794127
1567977335.5459645,1.8406063412009677,-0.23492169110777006
1567977335.6465933,1.8357284418418414,-0.23516766180261506
1567977335.7460947,1.8304939456203428,-0.2354278164351018
1567977335.8472097,1.825011192353615,-0.23570698956691505
1567977335.9463973,1.8197928221433346,-0.23599940307447387
1567977336.04649,1.8153157857704132,-0.2362777161523555
1567977336.1459289,1.8115365850752103,-0.23651649142557796
1567977336.2473006,1.8082115254978852,-0.2367180487959888
1567977336.3459063,1.8052093481205456,-0.23689538530677945
1567977336.4461045,1.8025047563706376,-0.2370555014335709
1567977336.5460017,1.7997735259347392,-0.23719974632689933
1567977336.646166,1.7965657953065954,-0.23734541195014724
1567977336.7461815,1.792673584039692,-0.23751649091698157
1567977336.846301,1.7882098713322414,-0.2377240755178831
1567977336.9475543,1.7833154420487691,-0.2379621401956138
1567977337.0462816,1.7781122822372708,-0.23822317642406565
1567977337.1461084,1.7727682958151663,-0.2385006782806789
1567977337.2465842,1.7676604155379723,-0.2387856908898578
1567977337.346081,1.7630976212464011,-0.23905811117130815
1567977337.4479976,1.7591281223305166,-0.23930146020019194
1567977337.5458438,1.7556244055552228,-0.2395131668090391
1567977337.6470373,1.752498977728603,-0.23970003170372145
1567977337.7460184,1.7496251287013265,-0.23986672118780783
1567977337.84643,1.7467040788408745,-0.24001999313592925
1567977337.9461308,1.7433992044801143,-0.24017578246182003
1567977338.0468605,1.7395593431233258,-0.24035204242772723
1567977338.146181,1.7351973213546368,-0.24055683503342262
1567977338.2467868,1.7304004365325476,-0.24078947619441937
1567977338.3474963,1.7252598853800065,-0.24104531005159746
1567977338.4467037,1.720035210798701,-0.24131947277973298
1567977338.5460768,1.7149857801806778,-0.24159812209073595
1567977338.647208,1.7103686332975294,-0.24186742505703052
1567977338.7460606,1.7062758004341565,-0.24211367289079844
1567977338.8468509,1.7026463471181585,-0.24233195731017831
1567977338.9460847,1.699385262263045,-0.2425255281536982
1567977339.0469313,1.6963601498156038,-0.24269945267930426
1567977339.1470582,1.6932922637352106,-0.24286079200983446
1567977339.2492447,1.6899334077912054,-0.24302441260078878
1567977339.3463883,1.681873948150117,-0.24320355158446905
1567977339.4471385,1.681873948150117,-0.24363338943199375
1567977339.546415,1.677193751214498,-0.24363338943199375
1567977339.647111,1.6721920436594013,-0.24388299993522677
1567977339.7465963,1.6670942210959687,-0.2441497576714986
1567977339.8478622,1.6621149167835747,-0.24442164154154833
1567977339.9497676,1.649640680580039,-0.24468720443820935
1567977340.047707,1.6484104114662474,-0.24535249703573125
1567977340.146891,1.6484104114662474,-0.2454181113884668
1567977340.2476602,1.6459988790898579,-0.2454181113884668
1567977340.346961,1.6430347530452694,-0.24554672644854092
1567977340.4477842,1.639948142506642,-0.24570481317091897
1567977340.5468786,1.6408547472792052,-0.24586943239964576
1567977340.6477406,1.628330366393721,-0.24582108014510906
1567977340.74721,1.6247818362261968,-0.24648904712566821
1567977340.8471968,1.6239499914879136,-0.24667830206793617
1567977340.9471962,1.6196684341287515,-0.2467226671206446
1567977341.0467772,1.6147960388908174,-0.2469510168464666
1567977341.1459942,1.6076651443440864,-0.24721087792582308
1567977341.2472124,1.60615038040772,-0.24759119230164872
1567977341.346173,1.6046281662471156,-0.24767197971158827
1567977341.4467332,1.5993464271300968,-0.2477531644668205
1567977341.550119,1.5942656640610897,-0.24803485721972818
1567977341.646292,1.58831905207924,-0.24830583125007522
1567977341.746328,1.58831905207924,-0.2486229838891072
1567977341.8462038,1.5841534300306215,-0.2486229838891072
1567977341.9464989,1.5780433960557338,-0.24884515039836685
1567977342.0463598,1.5734944363358594,-0.24917101887702753
1567977342.1479104,1.5701401057641229,-0.2494136300620875
1567977342.2463646,1.5570957363400444,-0.2495925276925801
1567977342.3459778,1.5545227438906433,-0.2502882273951976
1567977342.4460654,1.5550045785211046,-0.2504254536591657
1567977342.5484462,1.5531352670359932,-0.25039975581220775
1567977342.6462157,1.5503675694314434,-0.250499452424747
1567977342.7460456,1.546393231260204,-0.25064706296365635
1567977342.846119,1.5469192104345857,-0.25085902766612245
1567977342.9462562,1.545598517322397,-0.25083097544348876
1567977343.0466413,1.5395754172961407,-0.25090141240947217
1567977343.1463935,1.5328347060141994,-0.2512226444108725
1567977343.246381,1.5270116316312339,-0.25158214901257603
1567977343.3465378,1.5222532512999154,-0.25189271297966753
1567977343.4466426,1.5157513720544635,-0.2521464932640045
1567977343.546032,1.5085824405487087,-0.2524932601570953
1567977343.6465979,1.5041091187135063,-0.25287560317073554
1567977343.7462635,1.5018626787624472,-0.25311418033527966
1567977343.846298,1.4998522202229663,-0.2532339904660028
1567977343.9469042,1.49713891881095,-0.2533412149214418
1567977344.0462935,1.4948759199900408,-0.25348592433008266
1567977344.146236,1.4935408390747447,-0.25360661760053116
1567977344.2463014,1.4912647497127924,-0.2536778219160136
1567977344.346009,1.4869371590058216,-0.2537992133486511
1567977344.446012,1.4814103509739662,-0.2540300181863562
1567977344.5462255,1.4758947640740012,-0.25432478128138847
1567977344.6462164,1.4703762564376333,-0.2546189459160533
1567977344.7462378,1.4642550568186947,-0.2549132663233262
1567977344.8476787,1.4582073658688743,-0.25523973030300295
1567977344.9457195,1.4534660786187648,-0.2555622738203267
1567977345.046285,1.4501725380671542,-0.2558151424736659
1567977345.1460934,1.4475318917004931,-0.25599079796975177
1567977345.2463498,1.4450692384269381,-0.25613163244264037
1567977345.347532,1.4429678952763951,-0.2562629739505633
1567977345.4463556,1.4410839937568114,-0.2563750455852589
1567977345.546179,1.4386325037297336,-0.25647552033297005
1567977345.6463354,1.4349911734443277,-0.25660626646774753
1567977345.7461293,1.4303507335472614,-0.25680047074963586
1567977345.8474917,1.4252135551055893,-0.2570479608774794
1567977345.9482253,1.4197571311919095,-0.2573219437277019
1567977346.0460649,1.4140140300919646,-0.25761295300309817
1567977346.1460316,1.4084154243027531,-0.25791925172842856
1567977346.2464285,1.4035696227123362,-0.2582178440371865
1567977346.346348,1.3997331134290998,-0.2584762867886754
1567977346.4462948,1.3966560901181673,-0.2586809006171147
1567977346.546078,1.39406535953438,-0.2588450085270311
1567977346.6464598,1.391826898969864,-0.25898318082483307
1567977346.7462392,1.389705576388911,-0.2591025653882739
1567977346.8462994,1.3872540102396496,-0.2592157025925914
1567977346.9461977,1.3840376654126685,-0.2593464527872187
1567977347.0462346,1.3799835793104203,-0.259517991177991
1567977347.1465108,1.3753097476769698,-0.25973420910344425
1567977347.246459,1.370191478096408,-0.25998348012389494
1567977347.346514,1.364803241929885,-0.2602564545015249
1567977347.446356,1.3594780166903297,-0.2605438270970728
1567977347.546394,1.354634674158428,-0.2608278391098491
1567977347.6464765,1.3505028276124627,-0.2610861507115505
1567977347.7463648,1.3470629576992743,-0.26130651586066866
1567977347.8465095,1.3442080257745652,-0.26148997558937204
1567977347.9460976,1.3417707525205047,-0.2616422386253565
1567977348.0476403,1.339485211759739,-0.26177222653223975
1567977348.145949,1.3370201551929362,-0.2618941220394806
1567977348.246267,1.3340744084200773,-0.2620255917230434
1567977348.3459144,1.330476218001733,-0.2621826982175959
1567977348.446341,1.3262841671308507,-0.26237460170657423
1567977348.5462751,1.3215923377713574,-0.2625981777530213
1567977348.646231,1.316576577226522,-0.2628484086521943
1567977348.7460096,1.3115297266021009,-0.26311591588125216
1567977348.8462021,1.3067398967597703,-0.26338508124788795
1567977348.9476566,1.3024419455001461,-0.2636405388394789
1567977349.0463357,1.2987474434307145,-0.26386976290665887
1567977349.1463673,1.2956143904395119,-0.26406680301702856
1567977349.2462637,1.292896130245269,-0.2642338991765594
1567977349.3462176,1.2904337725058446,-0.26437887305358565
1567977349.4463208,1.2879409882239679,-0.2645101987996883
1567977349.5462186,1.2851737885127612,-0.2646431472947217
1567977349.6463888,1.2819287844672984,-0.2647907312793194
1567977349.7460778,1.2781405210820218,-0.2649637981617441
1567977349.8483508,1.2738741133619447,-0.2651658388756255
1567977349.9460955,1.2693000149611415,-0.2653933806206963
1567977350.0463097,1.2645660040193878,-0.2656373325354058
1567977350.1460826,1.2599031062080268,-0.265889813118966
1567977350.2462468,1.2555565944075642,-0.26613850100223857
1567977350.3462014,1.2516905517311798,-0.2663703149649299
1567977350.4464028,1.2483049015753673,-0.2665765039076704
1567977350.5460367,1.2453440336121502,-0.2667570719159804
1567977350.6475923,1.2426674774821094,-0.26691498487401866
1567977350.7461534,1.2400799051154432,-0.2670577345342875
1567977350.8463147,1.2373830428878656,-0.26719573839384303
1567977350.9461875,1.2343752753347037,-0.2673395710459805
1567977351.0462093,1.2309557351611073,-0.26749998531548247
1567977351.1460443,1.2271159482109244,-0.2676823607914076
1567977351.2463973,1.2229107143898854,-0.2678871494287507
1567977351.3461185,1.2184860580046615,-0.2681114285658728
1567977351.4461877,1.2140304642046074,-0.2683474102397514
1567977351.5463889,1.2097469011733752,-0.2685850419090876
1567977351.6464047,1.2057513436356804,-0.26881349860408665
1567977351.7461176,1.2021668178302691,-0.26902659500609705
1567977351.8464127,1.1989661059862544,-0.269217769715719
1567977351.9464767,1.1960904511283759,-0.26938847434739976
1567977352.0465636,1.193380423145471,-0.2695418426064866
1567977352.146149,1.1906754738938596,-0.26968637743224155
1567977352.2464602,1.1878016247305,-0.2698306413923275
1567977352.3459926,1.1846337374135651,-0.26998391334770666
1567977352.4462566,1.1811485829429231,-0.2701528673379432
1567977352.548539,1.1773330759205418,-0.2703387422430441
1567977352.6470976,1.1732563973327363,-0.27054223595090443
1567977352.7461815,1.1690540761990054,-0.2707596588089207
1567977352.8463707,1.164880934196086,-0.2709837826027197
1567977352.9461603,1.1609063847939054,-0.27120635017620875
1567977353.0462537,1.1572039499019082,-0.27141832614432504
1567977353.1461666,1.1538065866002007,-0.2716157893385649
1567977353.246571,1.150703467596728,-0.2717969820479893
1567977353.346059,1.1478281701671285,-0.2719624817281745
1567977353.4464917,1.1450379111605236,-0.2721158309244198
1567977353.546344,1.1422190718428593,-0.2722646447381054
1567977353.6462932,1.1392364190111248,-0.2724149828350475
1567977353.746168,1.135983001195856,-0.27257405765274
1567977353.8464172,1.1324798399947573,-0.27274757326955434
1567977353.9463053,1.1287487574543065,-0.27293440853361295
1567977354.0460987,1.1248286993477352,-0.273133399602437
1567977354.1462746,1.1208593643854265,-0.2733424693681208
1567977354.246128,1.1169269793847496,-0.27355416723277726
1567977354.346151,1.1131779479921944,-0.27376389443281335
1567977354.4464166,1.1096453108691673,-0.27396384277374963
1567977354.5483248,1.1063903617827553,-0.27415225008697774
1567977354.6458077,1.103341942542202,-0.2743258473715864
1567977354.7467656,1.1004548982051139,-0.27448842973108256
1567977354.8465035,1.0976032039037409,-0.2746424054290606
1567977354.9467185,1.0947093896937987,-0.2747944957918005
1567977355.0468814,1.0916440292004361,-0.27494883254966407
1567977355.1463714,1.0883943182529634,-0.2751123184426434
1567977355.2464368,1.0849266075923178,-0.27528563635984193
1567977355.3462808,1.0812814663129164,-0.2754705809284097
1567977355.4464684,1.0775116997905478,-0.2756649884633111
1567977355.5462446,1.073732784004541,-0.27586604267783743
1567977355.6477885,1.0700190915529841,-0.27606758485309113
1567977355.7460413,1.0664375585847594,-0.2762656484505075
1567977355.8461766,1.0630587543530992,-0.27645666354214615
1567977355.9481921,1.0598805737566106,-0.27663686643450136
1567977356.0463681,1.0568494370937345,-0.2768063693996474
1567977356.1464372,1.053928934657555,-0.2769680300216675
1567977356.2465324,1.0510225116266838,-0.27712379015159705
1567977356.346166,1.0480510410621033,-0.2772787993799102
1567977356.446299,1.0449597527262597,-0.27743727781002114
1567977356.546123,1.0417023402262329,-0.27760214652126614
1567977356.6462297,1.0383043801406613,-0.27777587518793423
1567977356.747491,1.034780826560552,-0.2779570997258314
1567977356.8458216,1.0311768087642528,-0.2781450225834372
1567977356.9459858,1.0275589745123157,-0.2783372368659065
1567977357.0462837,1.0240154119580789,-0.2785301880260098
1567977357.1474495,1.0205727425293545,-0.27871917802890245
1567977357.248383,1.0172807488456694,-0.2789027870651011
1567977357.3483117,1.0141392547637986,-0.2790783600615643
1567977357.4484258,1.0111077678412848,-0.2792459064125974
1567977357.5483153,1.0111077678412848,-0.27940758571513147
1567977357.6458569,1.0111077678412848,-0.27940758571513147
1567977357.7460458,1.0111077678412848,-0.27940758571513147
1567977357.8464313,0.9997986731072797,-0.27940758571513147
1567977357.946318,0.9966597405425157,-0.2800107374342784
1567977358.0465112,0.9933378320212651,-0.2801781471710658
1567977358.146305,1.0010384466035025,-0.2803553156255325
1567977358.2462156,1.0199814277469157,-0.2799446161811465
1567977358.3460553,1.0432430862026523,-0.2789343238534978
1567977358.446267,1.0266846399919147,-0.27769370206919186
1567977358.5461233,0.9981438090408077,-0.2785768192004312
1567977358.646372,0.9840053623753173,-0.2800989968511569
1567977358.7463963,0.9725164016428003,-0.28085304733998306
1567977358.8465297,0.9549290864667546,-0.28146579191238397
1567977358.9459631,0.9301492029201717,-0.2824037820551064
1567977359.0461044,0.9158199668378828,-0.2837253758442575
1567977359.146038,0.9193269804409874,-0.28448960176864624
1567977359.2462094,0.9273667903669038,-0.28430256104314733
1567977359.3460264,0.9328285744015976,-0.2838737711804318
1567977359.446278,0.9390456518144072,-0.2835824760319148
1567977359.546254,0.9498506007157235,-0.28325089856989827
1567977359.6462767,0.9604974592780282,-0.28267463462849474
1567977359.746195,0.9622670409771437,-0.2821068021718385
1567977359.8461852,0.9546608569319961,-0.282012424481219
1567977359.9464204,0.9437733948389591,-0.2824180876302935
1567977360.0462852,0.9326060505500358,-0.2829987522752555
1567977360.146135,0.9198157785153536,-0.28359434397066474
1567977360.2464995,0.9054653000874988,-0.28427649181251446
1567977360.3466873,0.8935360475846141,-0.28504185066200005
1567977360.4465296,0.8877984593334134,-0.2856780774621539
1567977360.5461922,0.8877433303938584,-0.2859840821688846
1567977360.646293,0.8907545872017306,-0.2859870223789942
1567977360.748337,0.8955486869162752,-0.2858264220159077
1567977360.8459506,0.9020440091411421,-0.28557073669779864
1567977360.9459922,0.9088039820019069,-0.2852243195124724
1567977361.046593,0.9128916849394788,-0.28486378762656495
1567977361.1465712,0.9124133814996491,-0.2846457768032278
1567977361.2459686,0.9078124130761058,-0.2846712863200187
1567977361.3460798,0.9003276523398076,-0.28491667130260767
1567977361.4461813,0.8907172168807262,-0.2853158585418769
1567977361.546231,0.8797693810231513,-0.2858284150996946
1567977361.6461797,0.8690775863067237,-0.28641229967876525
1567977361.746183,0.8605849066378177,-0.28698252873030805
1567977361.8462365,0.8553296129663988,-0.28743547164598304
1567977361.9464743,0.8531898361791577,-0.2877157539751254
1567977362.046107,0.853622157842959,-0.28782987540377825
1567977362.1469553,0.8560303378822822,-0.2878068182483755
1567977362.24609,0.8595467813381772,-0.2876783819796116
1567977362.346136,0.8627333122790402,-0.28749083832863054
1567977362.4462454,0.8641653274270853,-0.2873208900117845
1567977362.546263,0.8630947023758715,-0.28724451587055544
1567977362.6463075,0.8595344837268646,-0.28730161587328684
1567977362.7462726,0.8537587970288332,-0.2874914942012339
1567977362.8473494,0.8462216343008309,-0.2877995308251289
1567977362.9493477,0.8378352217579985,-0.288201512837289
1567977363.0471838,0.8230061416948873,-0.28864878817290673
1567977363.1470475,0.8230061416948873,-0.28943967244293933
1567977363.247002,0.8181008263546505,-0.28943967244293933
1567977363.3477914,0.8152082616287828,-0.2897012892610853
1567977363.447056,0.8141826952745759,-0.28985555937979823
1567977363.546969,0.8145691469656238,-0.2899102562520226
1567977363.6471508,0.8057858392166493,-0.2898896454951667
1567977363.7472632,0.8056773674450344,-0.290358088575112
1567977363.8473034,0.8121291158170838,-0.2903638737362648
1567977363.9469535,0.8141787611341043,-0.2900197804897555
1567977364.0472069,0.8128510967308291,-0.28991046607284776
1567977364.147322,0.8091785306621382,-0.28998127484102243
1567977364.2472906,0.8073533212424597,-0.2901771450313526
1567977364.347293,0.8058391475413953,-0.29027448953373547
1567977364.4474392,0.800490312641605,-0.2903552454644589
1567977364.5473557,0.7931012287109516,-0.2906405166591144
1567977364.647914,0.7867326779399773,-0.2910346011354159
1567977364.7471032,0.7822963750445135,-0.29137425717653453
1567977364.8473308,0.7785525642935274,-0.2916108599976259
1567977364.9474046,0.7744165144752733,-0.2918105299043452
1567977365.0477905,0.7710330668355301,-0.2920311192279854
1567977365.1475143,0.7693405655396082,-0.2922115697687717
1567977365.2483056,0.7685798371284023,-0.2923018365045542
1567977365.3505564,0.767411644238605,-0.2923424086864852
1567977365.4485426,0.7653444966868896,-0.2924047123072744
1567977365.545783,0.7653444966868896,-0.2925149601766992
1567977365.6472862,0.7599793401049268,-0.2925149601766992
1567977365.7462087,0.7565457033444325,-0.29280110186107056
1567977365.846172,0.7521551681573089,-0.2929842291549636
1567977365.9461122,0.7472650075417555,-0.2932183910316102
1567977366.0463877,0.7425894168361589,-0.293479199597773
1567977366.1476872,0.750410665491227,-0.29372856443540485
1567977366.2463229,0.7499162527860757,-0.29331143117380115
1567977366.3457599,0.7404338817479952,-0.2933377998514093
1567977366.4479544,0.7340454360200557,-0.2938435263067736
1567977366.5458543,0.7302417419891263,-0.2941842434122637
1567977366.646411,0.7278077232529792,-0.29438710709391325
1567977366.7476065,0.7221256627498698,-0.29451692142650776
1567977366.8460367,0.7143618093586599,-0.29481996465334026
1567977366.9460342,0.7098052954257551,-0.2952340368342048
1567977367.046386,0.7080210727767956,-0.29547705091062637
1567977367.146206,0.7062618796786349,-0.2955722094519042
1567977367.246469,0.7034684054947724,-0.2956660330838061
1567977367.3474605,0.7008207700557569,-0.2958150183736121
1567977367.4460647,0.6996013536026437,-0.2959562255970263
1567977367.546294,0.6987366483235637,-0.2960212611411923
1567977367.6469696,0.6967210802223509,-0.2960673787560766
1567977367.7472491,0.6936432517548272,-0.2961748757214746
1567977367.8463418,0.6904625800855988,-0.29633902657307587
1567977367.9461877,0.6875744365961332,-0.2965086623954347
1567977368.0463042,0.6845295515928158,-0.2966626967148729
1567977368.1476495,0.6810274114944945,-0.29682509058171647
1567977368.2464457,0.6775078866152082,-0.2970118713869603
1567977368.3463535,0.6745088619651227,-0.2971995793805222
1567977368.446286,0.6720161814629058,-0.2973595273618601
1567977368.5469115,0.669680309797396,-0.29749247032197834
1567977368.6505287,0.6673488399484808,-0.29761705014413886
1567977368.747186,0.6630609926377093,-0.29774139520274767
1567977368.847362,0.6630609926377093,-0.2979700803926555
1567977368.9471617,0.6608155918239764,-0.2979700803926555
1567977369.0477724,0.6582153285057954,-0.29808983510272125
1567977369.1470706,0.655240486236083,-0.29822851581302423
1567977369.2472782,0.652001970347865,-0.2983871740674089
1567977369.3475044,0.6370466665114618,-0.2985598949147805
1567977369.4471219,0.6306854323038593,-0.2993575111193887
1567977369.54757,0.6341645423671936,-0.29969677694379415
1567977369.6472392,0.6351735106653709,-0.299511224407083
1567977369.7471437,0.6341193453746949,-0.29945741276451354
1567977369.8472505,0.6320562067780724,-0.2995136349133496
1567977369.947172,0.6326956565401551,-0.2996236689718361
1567977370.0478365,0.6350467994206574,-0.29958956498452505
1567977370.1475797,0.6343120706249286,-0.2994641706975649
1567977370.2469208,0.6304917900651321,-0.2995033562333371
1567977370.3469741,0.6259796838449514,-0.2997071045298596
1567977370.447207,0.625,-0.2999477501949359
1567977370.547319,0.625,-0.3001646289324853
1567977370.6465461,0.625,-0.3003944162223755
1567977370.747508,0.625,-0.30068947706344584
1567977370.8463647,0.625,-0.30100773055379326
1567977370.9476514,0.625,-0.30127699072072023
1567977371.0462751,0.625,-0.30148342666846384
1567977371.146171,0.625,-0.30166313267268174
1567977371.2460794,0.625,-0.30184442668443445
1567977371.346466,0.625,-0.30202476603548245
1567977371.4461477,0.625,-0.3022021383354949
1567977371.5460489,0.625,-0.302403291273055
1567977371.6463377,0.625,-0.3026625859570218
1567977371.745981,0.625,-0.30299589399361304
1567977371.8461518,0.625,-0.3033943948162121
1567977371.9459956,0.625,-0.3038503899779519
1567977372.0464423,0.625,-0.3043615737656875
1567977372.1462004,0.625,-0.30492360404495455
1567977372.2461283,0.625,-0.30552046647129805
1567977372.3462172,0.625,-0.3061315488311225
1567977372.44628,0.625,-0.30674771909522214
1567977372.5462556,0.625,-0.3073666542518314
1567977372.6461868,0.625,-0.3079918918079696
1567977372.746257,0.625,-0.30862430719155487
1567977372.8463042,0.625,-0.3092752927538087
1567977372.948291,0.625,-0.30995608215940607
1567977373.046223,0.625,-0.3106805206036283
1567977373.146358,0.625,-0.3114590395096015
1567977373.2462876,0.625,-0.3122971713654801
1567977373.3466096,0.625,-0.3132010525656854
1567977373.4460921,0.625,-0.31416853953354895
1567977373.5461445,0.625,-0.31519495082957905
1567977373.6465676,0.625,-0.3162753564304559
1567977373.746003,0.625,-0.3174020750848623
1567977373.8460212,0.625,-0.3185666468629509
1567977373.9460685,0.625,-0.3197633557396826
1567977374.0461917,0.625,-0.320993088948069
1567977374.1464906,0.625,-0.3222525225564845
1567977374.2468674,0.625,-0.3196060408764194
1567977374.3465323,0.625,-0.31319499925124683
1567977374.446642,0.625,-0.3032614238700487
1567977374.546451,0.2669007751105624,0.25958004936690987
1567977374.6465962,0.012606769922759041,-1.4879915340368164
1567977374.7465024,0.0,0.9643300345247106
1567977374.8464832,0.0,-1.5
1567977374.9468863,0.0,0.9709887306859795
1567977375.047721,0.0,-1.5
1567977375.1468759,0.0,0.9780763870836235
1567977375.247711,0.0,-1.5
1567977375.3484738,0.0,0.9826300231530709
1567977375.4468157,0.0,-1.5
1567977375.546626,0.0,0.9864344511868293
1567977375.6471531,0.0,-1.5
1567977375.746797,0.0,0.989674476822211
1567977375.8466246,0.0,-1.5
1567977375.946572,0.0,0.9930493312736193
1567977376.047231,0.0,-1.4999999999999998
1567977376.1479537,0.0,0.9968957086122856
1567977376.2465737,0.0,-1.5
1567977376.346587,0.0,1.001313299983023
1567977376.4469135,0.0,-1.5
1567977376.5466287,0.0,1.0064037365275844
1567977376.6466744,0.0,-1.5
1567977376.746587,0.0,1.0122269783464652
1567977376.8471837,0.0,-1.5
1567977376.9490993,0.0,1.0189538466024395
1567977377.0478125,0.0,-1.5
1567977377.1464205,0.0,1.0266721421970288
1567977377.2474792,0.0,-1.5
1567977377.3465922,0.0,1.0354029902822646
1567977377.4469445,0.0,-1.5
1567977377.5470502,0.0,1.0461553355378985
1567977377.646847,0.0,-1.5
1567977377.7467155,0.0,1.061089606322394
1567977377.8466775,0.0,-1.5
1567977377.9466295,0.0,1.0809975572796588
1567977378.0467842,0.0,-1.5
1567977378.147057,0.0,1.1041059355964027
1567977378.2471817,0.0,-1.5
1567977378.3468196,0.0,1.1291915911485226
1567977378.446809,0.0,-1.5
1567977378.5464423,0.0,1.155600627085203
1567977378.6470912,0.0,-1.5
1567977378.746939,0.0,1.1829626570616387
1567977378.8470728,0.0,-1.5
1567977378.9466484,0.0,1.2105478424254112
1567977379.0469677,0.0,-1.5
1567977379.1466918,0.0,1.2381514651583956
1567977379.247,0.0,-1.5
1567977379.3465943,0.0,1.2655808254188123
1567977379.4469109,0.0,-1.5
1567977379.5468051,0.0,1.2925999357335876
1567977379.6475267,0.0,-1.5
1567977379.746336,0.0,1.319139111387667
1567977379.8467963,0.0,-1.5
1567977379.9468396,0.0,1.344909830640633
1567977380.0477817,0.0,-1.5
1567977380.1465223,0.0,1.3696845602476984
1567977380.2467651,0.0,-1.5
1567977380.3468885,0.0,1.3933880043799896
1567977380.4468753,0.0,-1.5
1567977380.5465426,0.0,1.4157799148390016
1567977380.6468909,0.0,-1.5
1567977380.7465248,0.0,1.4366394299343312
1567977380.8468468,0.0,-1.5
1567977380.9465272,0.0,1.4559835406567458
1567977381.0474184,0.0,-1.5
1567977381.146322,0.0,1.4735153995244517
1567977381.246723,0.0,-1.5
1567977381.346988,0.0,1.4890613065034657
1567977381.446666,0.0,-1.5
1567977381.5463967,0.0,1.5
1567977381.6486948,0.0,-1.5
1567977381.7464035,0.0,1.5
1567977381.8465757,0.0,-1.5
1567977381.9466848,0.0,1.5
1567977382.048396,0.0,-1.5
1567977382.146485,0.0,1.5
1567977382.2477584,0.0,-1.5
1567977382.3465924,0.0,1.5
1567977382.4467885,0.0,-1.5
1567977382.5466588,0.0,1.5
1567977382.646778,0.0,-1.5
1567977382.746719,0.0,1.5
1567977382.8467243,0.0,-1.5
1567977382.9465966,0.0,1.5
1567977383.049415,0.0,-1.5
1567977383.1466072,0.0,-1.5
1567977383.2467403,0.0,-1.5
1567977383.3482337,0.0,1.5
1567977383.4463673,0.0,-1.5
1567977383.546567,0.0,1.5
1567977383.6469712,0.0,-1.5
1567977383.7482533,0.0,1.5
1567977383.846454,0.0,-1.5
1567977383.9466794,0.0,1.5
1567977384.0469904,0.0,-1.5
1567977384.1464422,0.0,1.5
1567977384.2465563,0.0,-1.5
1567977384.3463974,0.0,1.5
1567977384.4467177,0.0,-1.5
1567977384.546446,0.0,1.5
1567977384.646707,0.0,-1.5
1567977384.7464535,0.0,1.5
1567977384.8469367,0.0,-1.4895713825240602
1567977384.9470417,0.0,1.5
1567977385.0467267,0.0,-1.4762437348086337
1567977385.1464458,0.0,1.5
1567977385.246649,0.0,-1.4655816396240446
1567977385.3465269,0.0,1.5
1567977385.446661,0.0,-1.4569047810418478
1567977385.546719,0.0,1.5
1567977385.6467955,0.0,-1.4507881835820804
1567977385.7466838,0.0,1.5
1567977385.8467493,0.0,-1.4472676418330543
1567977385.9466481,0.0,1.5
1567977386.0467694,0.0,-1.44600792957654
1567977386.1466758,0.0,1.5
1567977386.2467198,0.0,-1.4468034402100507
1567977386.3465903,0.0,1.5
1567977386.446755,0.0,-1.4491916529264
1567977386.5465891,0.0,1.5
1567977386.6465561,0.0,-1.4527538262379807
1567977386.746582,0.0,1.5
1567977386.8467915,0.0,-1.456964827231559
1567977386.946646,0.0,1.5
1567977387.0468228,0.0,-1.461275737837763
1567977387.1464286,0.0,1.5
1567977387.2465734,0.0,-1.4654174036183818
1567977387.3464012,0.0,1.5
1567977387.4465017,0.0,-1.4691828979269843
1567977387.5465608,0.0,1.5
1567977387.6466303,0.0,-1.4725423380404692
1567977387.7467818,0.0,1.5
1567977387.8469617,0.0,-1.475584803590868
1567977387.94691,0.0,1.5
1567977388.0469065,0.0,-1.4781428121690823
1567977388.146675,0.0,1.5
1567977388.24692,0.0,-1.4803756818803553
1567977388.3469288,0.0,1.5
1567977388.4468281,0.0,-1.4822987195899167
1567977388.5468383,0.0,1.5
1567977388.6469398,0.0,-1.4839715535174314
1567977388.7468486,0.0,1.5
1567977388.8469563,0.0,-1.4854636300000124
1567977388.946828,0.0,1.5
1567977389.0469072,0.0,-1.4866506625313498
1567977389.1465228,0.0,1.5
1567977389.24661,0.0,-1.4876248604902305
1567977389.3468318,0.0,1.5
1567977389.4468985,0.0,-1.4884729579425038
1567977389.5465584,0.0,1.5
1567977389.646871,0.0,-1.4892847280881334
1567977389.7467806,0.0,1.5
1567977389.846822,0.0,-1.4900074663814564
1567977389.9468324,0.0,1.5
1567977390.046775,0.0,-1.490633790362784
1567977390.146771,0.0,1.5
1567977390.246635,0.0,-1.4912972098500745
1567977390.3468,0.0,1.5
1567977390.446905,0.0,-1.4919653380408349
1567977390.5506427,0.0,1.5
1567977390.6473227,0.0,1.5
1567977390.747184,0.0,1.5
1567977390.8466783,0.0,-1.4932672340380027
1567977390.946629,0.0,1.5
1567977391.0465229,0.0,-1.4938968318066017
1567977391.1471384,0.0,1.5
1567977391.2470706,0.0,-1.4943475663205383
1567977391.3467243,0.0,1.5
1567977391.4465575,0.0,-1.5
1567977391.5463963,0.0,1.5
1567977391.6473908,0.0,-1.5
1567977391.7480028,0.0,1.5
1567977391.8462589,0.0,-1.5
1567977391.9479992,0.0,1.5
1567977392.0465214,0.0,-1.5
1567977392.1471894,0.0,1.5
1567977392.2469075,0.0,-1.5
1567977392.346725,0.0,1.5
1567977392.4467933,0.0,-1.5
1567977392.546802,0.0,1.5
1567977392.6468396,0.0,-1.5
1567977392.7466424,0.0,1.5
1567977392.846608,0.0,-1.5
1567977392.9467254,0.0,1.4979682771842562
1567977393.0467935,0.0,-1.5
1567977393.1466887,0.0,1.4917062484088426
1567977393.2481198,0.0,-1.5
1567977393.3467908,0.0,1.4877296539780147
1567977393.4471557,0.0,-1.5
1567977393.5467494,0.0,1.4855073415618065
1567977393.6473312,0.0,-1.5
1567977393.7470608,0.0,1.4848021372462519
1567977393.847247,0.0,-1.5
1567977393.946338,0.0,1.4851649764318573
1567977394.0492485,0.0,-1.5
1567977394.146191,0.0,-1.5
1567977394.2468162,0.0,-1.5
1567977394.3492322,0.0,1.487718208439782
1567977394.4467425,0.0,1.489403694121341
1567977394.546719,0.0,1.489403694121341
1567977394.6469908,0.0,-1.5
1567977394.7469368,0.0,1.4910779782134753
1567977394.8474174,0.0,-1.5
1567977394.94868,0.0,1.5
1567977395.046746,0.0,-1.5
1567977395.1493163,0.0,1.5
1567977395.2463112,0.0,1.5
1567977395.3461921,0.0,1.5
1567977395.446921,0.0,-1.5
1567977395.5467367,0.0,1.5
1567977395.6471891,0.0,-1.5
1567977395.7467337,0.0,1.5
1567977395.8467455,0.0,-1.5
1567977395.9468145,0.0,1.4816037656520038
1567977396.0494034,0.0,-1.5
1567977396.1470068,0.0,-1.5
1567977396.2464945,0.0,-1.5
1567977396.3473246,0.0,1.4118633558596656
1567977396.447196,0.0,-1.5
1567977396.5465946,0.0,1.3925144888535907
1567977396.6471255,0.0,-1.5
1567977396.7464108,0.0,1.3667656081851387
1567977396.8471045,0.0,-1.5
1567977396.947019,0.0,1.3759148835609345
1567977397.0470955,0.0,-1.5
1567977397.1464496,0.0,1.3965754691077272
1567977397.2464752,0.0,-1.5
1567977397.3468266,0.0,1.4116751345611984
1567977397.4467134,0.0,-1.5
1567977397.5469122,0.0,1.4267014173072265
1567977397.647466,0.0,-1.5
1567977397.7464585,0.0,1.4438578103110409
1567977397.848083,0.0,-1.5
1567977397.9468355,0.0,1.4586165738339485
1567977398.0470707,0.0,-1.5
1567977398.1469767,0.0,1.4709640189157334
1567977398.2465832,0.0,-1.5
1567977398.3464587,0.0,1.4823988823252527
1567977398.446799,0.0,-1.5
1567977398.5466383,0.0,1.4922429464335245
1567977398.6463315,0.0,-1.5
1567977398.746194,0.0,1.5
1567977398.8468416,0.0,-1.5
1567977398.947594,0.0,1.5
1567977399.047246,0.0,-1.5
1567977399.1472127,0.0,1.5
1567977399.2466247,0.0,-1.5
1567977399.3469174,0.0,1.5
1567977399.4469419,0.0,-1.5
1567977399.5469408,0.0,1.5
1567977399.6469646,0.0,-1.5
1567977399.7469397,0.0,1.5
1567977399.8469212,0.0,-1.5
1567977399.9470665,0.0,1.5
1567977400.0468266,0.0,-1.5
1567977400.1491935,0.0,1.5
1567977400.2477925,0.0,1.5
1567977400.3466747,0.0,1.5
1567977400.4485657,0.0,-1.5
1567977400.5463042,0.0,1.5
1567977400.6466491,0.0,-1.5
1567977400.7466574,0.0,1.5
1567977400.8469262,0.0,-1.5
1567977400.9471421,0.0,1.4964634916542465
1567977401.0471675,0.0,-1.5
1567977401.147912,0.0,1.4552235104157276
1567977401.249554,0.0,-1.5
1567977401.3462834,0.0,-1.5
1567977401.4482741,0.0,-1.5
1567977401.546204,0.0,1.4097754458801521
1567977401.6467862,0.0,-1.5
1567977401.7470388,0.0,1.3898007830691181
1567977401.8478405,0.0,-1.5
1567977401.9480765,0.0,1.3706741021991338
1567977402.0480955,0.0,-1.5
1567977402.148286,0.0,1.391985691227326
1567977402.2461972,0.0,-1.5
1567977402.346339,0.0,1.4183205506294083
1567977402.4466069,0.0,-1.5
1567977402.5465276,0.0,1.4378871386625107
1567977402.6495404,0.0,-1.5
1567977402.746296,0.0,-1.5
1567977402.846925,0.0,-1.5
1567977402.947423,0.0,1.476726477402451
1567977403.046921,0.0,-1.5
1567977403.1463015,0.0,1.4934581469004105
1567977403.246686,0.0,-1.5
1567977403.3462784,0.0,1.5
1567977403.4465983,0.0,-1.5
1567977403.5463989,0.0,1.5
1567977403.6466343,0.0,-1.5
1567977403.7470076,0.0,1.5
1567977403.846512,0.0,-1.5
1567977403.9464746,0.0,1.5
1567977404.0465019,0.0,-1.5
1567977404.147187,0.0,1.5
1567977404.247675,0.0,-1.5
1567977404.346894,0.0,1.5
