time,orthogonalstrength_x,orthogonalstrength_y,orthogonalstrength_z
1567977298.7311068,23463999999.999996,-1050999999.9999999,39746000000.0
1567977298.831153,23463999999.999996,-1050999999.9999999,39746000000.0
1567977298.9313328,23463999999.999996,-1050999999.9999999,39746000000.0
1567977299.0311046,23463999999.999996,-1050999999.9999999,39746000000.0
1567977299.1312094,23463999999.999996,-1050999999.9999999,39746000000.0
1567977299.2312875,23463999999.999996,-1050999999.9999999,39746000000.0
1567977299.3311083,23463999999.999996,-1050999999.9999999,39746000000.0
1567977299.4313014,23463999999.999996,-1050999999.9999999,39746000000.0
1567977299.5312715,23463999999.999996,-1050999999.9999999,39746000000.0
1567977299.6311655,23463999999.999996,-1050999999.9999999,39746000000.0
1567977299.731352,23463999999.999996,-1050999999.9999999,39746000000.0
1567977299.8312855,23463999999.999996,-1050999999.9999999,39746000000.0
1567977299.9311283,23463999999.999996,-1050999999.9999999,39746000000.0
1567977300.031236,23463999999.999996,-1050999999.9999999,39746000000.0
1567977300.131123,23463999999.999996,-1050999999.9999999,39746000000.0
1567977300.2311075,23463999999.999996,-1050999999.9999999,39746000000.0
1567977300.3311672,23463999999.999996,-1050999999.9999999,39746000000.0
1567977300.4311764,23463999999.999996,-1050999999.9999999,39746000000.0
1567977300.5311205,23463999999.999996,-1050999999.9999999,39746000000.0
1567977300.6311808,23463999999.999996,-1050999999.9999999,39746000000.0
1567977300.731261,23463999999.999996,-1050999999.9999999,39746000000.0
1567977300.8311703,23463999999.999996,-1050999999.9999999,39746000000.0
1567977300.9312623,23463999999.999996,-1050999999.9999999,39746000000.0
1567977301.0311325,23463999999.999996,-1050999999.9999999,39746000000.0
1567977301.1311471,23463999999.999996,-1050999999.9999999,39746000000.0
1567977301.2312422,23463999999.999996,-1050999999.9999999,39746000000.0
1567977301.331165,23463999999.999996,-1050999999.9999999,39746000000.0
1567977301.4312172,23463999999.999996,-1050999999.9999999,39746000000.0
1567977301.5312178,23463999999.999996,-1050999999.9999999,39746000000.0
1567977301.6311543,23463999999.999996,-1050999999.9999999,39746000000.0
1567977301.7312062,23463999999.999996,-1050999999.9999999,39746000000.0
1567977301.8311007,23463999999.999996,-1050999999.9999999,39746000000.0
1567977301.9311914,23463999999.999996,-1050999999.9999999,39746000000.0
1567977302.0312185,23463999999.999996,-1050999999.9999999,39746000000.0
1567977302.1312726,23463999999.999996,-1050999999.9999999,39746000000.0
1567977302.2311895,23463999999.999996,-1050999999.9999999,39746000000.0
1567977302.3312778,23463999999.999996,-1050999999.9999999,39746000000.0
1567977302.4313486,23463999999.999996,-1050999999.9999999,39746000000.0
1567977302.531294,23463999999.999996,-1050999999.9999999,39746000000.0
1567977302.6311417,23463999999.999996,-1050999999.9999999,39746000000.0
1567977302.7311785,23463999999.999996,-1050999999.9999999,39746000000.0
1567977302.83118,23463999999.999996,-1050999999.9999999,39746000000.0
1567977302.9312499,23463999999.999996,-1050999999.9999999,39746000000.0
1567977303.0311105,23463999999.999996,-1050999999.9999999,39746000000.0
1567977303.1312873,23463999999.999996,-1050999999.9999999,39746000000.0
1567977303.2311215,23463999999.999996,-1050999999.9999999,39746000000.0
1567977303.3312273,23463999999.999996,-1050999999.9999999,39746000000.0
1567977303.4312496,23463999999.999996,-1050999999.9999999,39746000000.0
1567977303.5311944,23463999999.999996,-1050999999.9999999,39746000000.0
1567977303.6312509,23463999999.999996,-1050999999.9999999,39746000000.0
1567977303.7311845,23463999999.999996,-1050999999.9999999,39746000000.0
1567977303.831119,23463999999.999996,-1050999999.9999999,39746000000.0
1567977303.931195,23463999999.999996,-1050999999.9999999,39746000000.0
1567977304.0312376,23463999999.999996,-1050999999.9999999,39746000000.0
1567977304.1312046,23463999999.999996,-1050999999.9999999,39746000000.0
1567977304.2313018,23463999999.999996,-1050999999.9999999,39746000000.0
1567977304.3312097,23463999999.999996,-1050999999.9999999,39746000000.0
1567977304.4312434,23463999999.999996,-1050999999.9999999,39746000000.0
1567977304.5312667,23463999999.999996,-1050999999.9999999,39746000000.0
1567977304.631209,23463999999.999996,-1050999999.9999999,39746000000.0
1567977304.7313187,23463999999.999996,-1050999999.9999999,39746000000.0
1567977304.8311477,23463999999.999996,-1050999999.9999999,39746000000.0
1567977304.9312239,23463999999.999996,-1050999999.9999999,39746000000.0
1567977305.0312347,23463999999.999996,-1050999999.9999999,39746000000.0
1567977305.131172,23463999999.999996,-1050999999.9999999,39746000000.0
1567977305.231286,23463999999.999996,-1050999999.9999999,39746000000.0
1567977305.331156,23463999999.999996,-1050999999.9999999,39746000000.0
1567977305.4312038,23463999999.999996,-1050999999.9999999,39746000000.0
1567977305.5312238,23463999999.999996,-1050999999.9999999,39746000000.0
1567977305.6311922,23463999999.999996,-1050999999.9999999,39746000000.0
1567977305.731237,23463999999.999996,-1050999999.9999999,39746000000.0
1567977305.8312192,23463999999.999996,-1050999999.9999999,39746000000.0
1567977305.9311366,23463999999.999996,-1050999999.9999999,39746000000.0
1567977306.03111,23463999999.999996,-1050999999.9999999,39746000000.0
1567977306.1311846,23463999999.999996,-1050999999.9999999,39746000000.0
1567977306.2311141,23463999999.999996,-1050999999.9999999,39746000000.0
1567977306.3312883,23463999999.999996,-1050999999.9999999,39746000000.0
1567977306.431345,23463999999.999996,-1050999999.9999999,39746000000.0
1567977306.5313368,23463999999.999996,-1050999999.9999999,39746000000.0
1567977306.6311612,23463999999.999996,-1050999999.9999999,39746000000.0
1567977306.7311375,23463999999.999996,-1050999999.9999999,39746000000.0
1567977306.8313255,23463999999.999996,-1050999999.9999999,39746000000.0
1567977306.9311867,23463999999.999996,-1050999999.9999999,39746000000.0
1567977307.0313678,23463999999.999996,-1050999999.9999999,39746000000.0
1567977307.1311076,23463999999.999996,-1050999999.9999999,39746000000.0
1567977307.23117,23463999999.999996,-1050999999.9999999,39746000000.0
1567977307.331251,23463999999.999996,-1050999999.9999999,39746000000.0
1567977307.4311016,23463999999.999996,-1050999999.9999999,39746000000.0
1567977307.531147,23463999999.999996,-1050999999.9999999,39746000000.0
1567977307.6310997,23463999999.999996,-1050999999.9999999,39746000000.0
1567977307.7311566,23463999999.999996,-1050999999.9999999,39746000000.0
1567977307.8313482,23463999999.999996,-1050999999.9999999,39746000000.0
1567977307.931278,23463999999.999996,-1050999999.9999999,39746000000.0
1567977308.0312073,23463999999.999996,-1050999999.9999999,39746000000.0
1567977308.1312587,23463999999.999996,-1050999999.9999999,39746000000.0
1567977308.2311246,23463999999.999996,-1050999999.9999999,39746000000.0
1567977308.3311133,23463999999.999996,-1050999999.9999999,39746000000.0
1567977308.4312594,23463999999.999996,-1050999999.9999999,39746000000.0
1567977308.5312285,23463999999.999996,-1050999999.9999999,39746000000.0
1567977308.631234,23463999999.999996,-1050999999.9999999,39746000000.0
1567977308.7312253,23463999999.999996,-1050999999.9999999,39746000000.0
1567977308.8312206,23463999999.999996,-1050999999.9999999,39746000000.0
1567977308.9311762,23463999999.999996,-1050999999.9999999,39746000000.0
1567977309.0311606,23463999999.999996,-1050999999.9999999,39746000000.0
1567977309.1311572,23463999999.999996,-1050999999.9999999,39746000000.0
1567977309.2313025,23463999999.999996,-1050999999.9999999,39746000000.0
1567977309.3312132,23463999999.999996,-1050999999.9999999,39746000000.0
1567977309.431217,23463999999.999996,-1050999999.9999999,39746000000.0
1567977309.531274,23463999999.999996,-1050999999.9999999,39746000000.0
1567977309.6311562,23463999999.999996,-1050999999.9999999,39746000000.0
1567977309.731274,23463999999.999996,-1050999999.9999999,39746000000.0
1567977309.831237,23463999999.999996,-1050999999.9999999,39746000000.0
1567977309.9311416,23463999999.999996,-1050999999.9999999,39746000000.0
1567977310.0313556,23463999999.999996,-1050999999.9999999,39746000000.0
1567977310.131246,23463999999.999996,-1050999999.9999999,39746000000.0
1567977310.2313392,23463999999.999996,-1050999999.9999999,39746000000.0
1567977310.331236,23463999999.999996,-1050999999.9999999,39746000000.0
1567977310.431186,23463999999.999996,-1050999999.9999999,39746000000.0
1567977310.5311944,23463999999.999996,-1050999999.9999999,39746000000.0
1567977310.6312501,23463999999.999996,-1050999999.9999999,39746000000.0
1567977310.7313433,23463999999.999996,-1050999999.9999999,39746000000.0
1567977310.8311205,23463999999.999996,-1050999999.9999999,39746000000.0
1567977310.9313257,23463999999.999996,-1050999999.9999999,39746000000.0
1567977311.031312,23463999999.999996,-1050999999.9999999,39746000000.0
1567977311.1314747,23463999999.999996,-1050999999.9999999,39746000000.0
1567977311.231648,23463999999.999996,-1050999999.9999999,39746000000.0
1567977311.3313527,23463999999.999996,-1050999999.9999999,39746000000.0
1567977311.4312248,23463999999.999996,-1050999999.9999999,39746000000.0
1567977311.531225,23463999999.999996,-1050999999.9999999,39746000000.0
1567977311.6313276,23463999999.999996,-1050999999.9999999,39746000000.0
1567977311.7312257,23463999999.999996,-1050999999.9999999,39746000000.0
1567977311.831197,23463999999.999996,-1050999999.9999999,39746000000.0
1567977311.9312088,23463999999.999996,-1050999999.9999999,39746000000.0
1567977312.0312517,23463999999.999996,-1050999999.9999999,39746000000.0
1567977312.131142,23463999999.999996,-1050999999.9999999,39746000000.0
1567977312.2311206,23463999999.999996,-1050999999.9999999,39746000000.0
1567977312.3311374,23463999999.999996,-1050999999.9999999,39746000000.0
1567977312.431112,23463999999.999996,-1050999999.9999999,39746000000.0
1567977312.5312765,23463999999.999996,-1050999999.9999999,39746000000.0
1567977312.6312532,23463999999.999996,-1050999999.9999999,39746000000.0
1567977312.7312415,23463999999.999996,-1050999999.9999999,39746000000.0
1567977312.83129,23463999999.999996,-1050999999.9999999,39746000000.0
1567977312.931158,23463999999.999996,-1050999999.9999999,39746000000.0
1567977313.0312493,23463999999.999996,-1050999999.9999999,39746000000.0
1567977313.1311576,23463999999.999996,-1050999999.9999999,39746000000.0
1567977313.231216,23463999999.999996,-1050999999.9999999,39746000000.0
1567977313.3311856,23463999999.999996,-1050999999.9999999,39746000000.0
1567977313.4313457,23463999999.999996,-1050999999.9999999,39746000000.0
1567977313.5311606,23463999999.999996,-1050999999.9999999,39746000000.0
1567977313.631145,23463999999.999996,-1050999999.9999999,39746000000.0
1567977313.7312033,23463999999.999996,-1050999999.9999999,39746000000.0
1567977313.831335,23463999999.999996,-1050999999.9999999,39746000000.0
1567977313.9311965,23463999999.999996,-1050999999.9999999,39746000000.0
1567977314.0313292,23463999999.999996,-1050999999.9999999,39746000000.0
1567977314.1311448,23463999999.999996,-1050999999.9999999,39746000000.0
1567977314.2312326,23463999999.999996,-1050999999.9999999,39746000000.0
1567977314.3312898,23463999999.999996,-1050999999.9999999,39746000000.0
1567977314.4311895,23463999999.999996,-1050999999.9999999,39746000000.0
1567977314.531322,23463999999.999996,-1050999999.9999999,39746000000.0
1567977314.631172,23463999999.999996,-1050999999.9999999,39746000000.0
1567977314.7312677,23463999999.999996,-1050999999.9999999,39746000000.0
1567977314.8312743,23463999999.999996,-1050999999.9999999,39746000000.0
1567977314.9311864,23463999999.999996,-1050999999.9999999,39746000000.0
1567977315.0311294,23463999999.999996,-1050999999.9999999,39746000000.0
1567977315.1311388,23463999999.999996,-1050999999.9999999,39746000000.0
1567977315.2311506,23463999999.999996,-1050999999.9999999,39746000000.0
1567977315.3312058,23463999999.999996,-1050999999.9999999,39746000000.0
1567977315.4311588,23463999999.999996,-1050999999.9999999,39746000000.0
1567977315.531197,23463999999.999996,-1050999999.9999999,39746000000.0
1567977315.631217,23463999999.999996,-1050999999.9999999,39746000000.0
1567977315.7312868,23463999999.999996,-1050999999.9999999,39746000000.0
1567977315.8313506,23463999999.999996,-1050999999.9999999,39746000000.0
1567977315.9311094,23463999999.999996,-1050999999.9999999,39746000000.0
1567977316.031112,23463999999.999996,-1050999999.9999999,39746000000.0
1567977316.131242,23463999999.999996,-1050999999.9999999,39746000000.0
1567977316.2311163,23463999999.999996,-1050999999.9999999,39746000000.0
1567977316.3313527,23463999999.999996,-1050999999.9999999,39746000000.0
1567977316.431195,23463999999.999996,-1050999999.9999999,39746000000.0
1567977316.5312483,23463999999.999996,-1050999999.9999999,39746000000.0
1567977316.6311727,23463999999.999996,-1050999999.9999999,39746000000.0
1567977316.731176,23463999999.999996,-1050999999.9999999,39746000000.0
1567977316.8311794,23463999999.999996,-1050999999.9999999,39746000000.0
1567977316.9311724,23463999999.999996,-1050999999.9999999,39746000000.0
1567977317.0311782,23463999999.999996,-1050999999.9999999,39746000000.0
1567977317.131126,23463999999.999996,-1050999999.9999999,39746000000.0
1567977317.2313569,23463999999.999996,-1050999999.9999999,39746000000.0
1567977317.3311276,23463999999.999996,-1050999999.9999999,39746000000.0
1567977317.4312458,23463999999.999996,-1050999999.9999999,39746000000.0
1567977317.5311313,23463999999.999996,-1050999999.9999999,39746000000.0
1567977317.6312356,23463999999.999996,-1050999999.9999999,39746000000.0
1567977317.7311888,23463999999.999996,-1050999999.9999999,39746000000.0
1567977317.8312185,23463999999.999996,-1050999999.9999999,39746000000.0
1567977317.931269,23463999999.999996,-1050999999.9999999,39746000000.0
1567977318.0312197,23463999999.999996,-1050999999.9999999,39746000000.0
1567977318.1311102,23463999999.999996,-1050999999.9999999,39746000000.0
1567977318.2314105,23463999999.999996,-1050999999.9999999,39746000000.0
1567977318.331164,23463999999.999996,-1050999999.9999999,39746000000.0
1567977318.4311109,23463999999.999996,-1050999999.9999999,39746000000.0
1567977318.5311477,23463999999.999996,-1050999999.9999999,39746000000.0
1567977318.6311405,23463999999.999996,-1050999999.9999999,39746000000.0
1567977318.7311275,23463999999.999996,-1050999999.9999999,39746000000.0
1567977318.8313458,23463999999.999996,-1050999999.9999999,39746000000.0
1567977318.931186,23463999999.999996,-1050999999.9999999,39746000000.0
1567977319.031219,23463999999.999996,-1050999999.9999999,39746000000.0
1567977319.1313574,23463999999.999996,-1050999999.9999999,39746000000.0
1567977319.2312531,23463999999.999996,-1050999999.9999999,39746000000.0
1567977319.331288,23463999999.999996,-1050999999.9999999,39746000000.0
1567977319.4311268,23463999999.999996,-1050999999.9999999,39746000000.0
1567977319.5312421,23463999999.999996,-1050999999.9999999,39746000000.0
1567977319.6312122,23463999999.999996,-1050999999.9999999,39746000000.0
1567977319.7311397,23463999999.999996,-1050999999.9999999,39746000000.0
1567977319.8311632,23463999999.999996,-1050999999.9999999,39746000000.0
1567977319.9312997,23463999999.999996,-1050999999.9999999,39746000000.0
1567977320.0311484,23463999999.999996,-1050999999.9999999,39746000000.0
1567977320.131138,23463999999.999996,-1050999999.9999999,39746000000.0
1567977320.2311766,23463999999.999996,-1050999999.9999999,39746000000.0
1567977320.3312862,23463999999.999996,-1050999999.9999999,39746000000.0
1567977320.4313028,23463999999.999996,-1050999999.9999999,39746000000.0
1567977320.531132,23463999999.999996,-1050999999.9999999,39746000000.0
1567977320.6312585,23463999999.999996,-1050999999.9999999,39746000000.0
1567977320.7311053,23463999999.999996,-1050999999.9999999,39746000000.0
1567977320.831126,23463999999.999996,-1050999999.9999999,39746000000.0
1567977320.9312806,23463999999.999996,-1050999999.9999999,39746000000.0
1567977321.0312755,23463999999.999996,-1050999999.9999999,39746000000.0
1567977321.1311367,23463999999.999996,-1050999999.9999999,39746000000.0
1567977321.2313602,23463999999.999996,-1050999999.9999999,39746000000.0
1567977321.3312652,23463999999.999996,-1050999999.9999999,39746000000.0
1567977321.4311702,23463999999.999996,-1050999999.9999999,39746000000.0
1567977321.5311792,23463999999.999996,-1050999999.9999999,39746000000.0
1567977321.631261,23463999999.999996,-1050999999.9999999,39746000000.0
1567977321.7311249,23463999999.999996,-1050999999.9999999,39746000000.0
1567977321.8313577,23463999999.999996,-1050999999.9999999,39746000000.0
1567977321.931353,23463999999.999996,-1050999999.9999999,39746000000.0
1567977322.0312014,23463999999.999996,-1050999999.9999999,39746000000.0
1567977322.1311126,23463999999.999996,-1050999999.9999999,39746000000.0
1567977322.2313101,23463999999.999996,-1050999999.9999999,39746000000.0
1567977322.3312454,23463999999.999996,-1050999999.9999999,39746000000.0
1567977322.4312568,23463999999.999996,-1050999999.9999999,39746000000.0
1567977322.5311666,23463999999.999996,-1050999999.9999999,39746000000.0
1567977322.6311932,23463999999.999996,-1050999999.9999999,39746000000.0
1567977322.7313006,23463999999.999996,-1050999999.9999999,39746000000.0
1567977322.8312886,23463999999.999996,-1050999999.9999999,39746000000.0
1567977322.931343,23463999999.999996,-1050999999.9999999,39746000000.0
1567977323.031356,23463999999.999996,-1050999999.9999999,39746000000.0
1567977323.1311948,23463999999.999996,-1050999999.9999999,39746000000.0
1567977323.231139,23463999999.999996,-1050999999.9999999,39746000000.0
1567977323.331148,23463999999.999996,-1050999999.9999999,39746000000.0
1567977323.4311683,23463999999.999996,-1050999999.9999999,39746000000.0
1567977323.5311458,23463999999.999996,-1050999999.9999999,39746000000.0
1567977323.6312127,23463999999.999996,-1050999999.9999999,39746000000.0
1567977323.7312305,23463999999.999996,-1050999999.9999999,39746000000.0
1567977323.8311493,23463999999.999996,-1050999999.9999999,39746000000.0
1567977323.931269,23463999999.999996,-1050999999.9999999,39746000000.0
1567977324.031241,23463999999.999996,-1050999999.9999999,39746000000.0
1567977324.1312604,23463999999.999996,-1050999999.9999999,39746000000.0
1567977324.231288,23463999999.999996,-1050999999.9999999,39746000000.0
1567977324.3313408,23463999999.999996,-1050999999.9999999,39746000000.0
1567977324.4313557,23463999999.999996,-1050999999.9999999,39746000000.0
1567977324.5311544,23463999999.999996,-1050999999.9999999,39746000000.0
1567977324.631178,23463999999.999996,-1050999999.9999999,39746000000.0
1567977324.7312634,23463999999.999996,-1050999999.9999999,39746000000.0
1567977324.8313503,23463999999.999996,-1050999999.9999999,39746000000.0
1567977324.931139,23463999999.999996,-1050999999.9999999,39746000000.0
1567977325.0311508,23463999999.999996,-1050999999.9999999,39746000000.0
1567977325.1313007,23463999999.999996,-1050999999.9999999,39746000000.0
1567977325.2311985,23463999999.999996,-1050999999.9999999,39746000000.0
1567977325.3311677,23463999999.999996,-1050999999.9999999,39746000000.0
1567977325.4311068,23463999999.999996,-1050999999.9999999,39746000000.0
1567977325.5312119,23463999999.999996,-1050999999.9999999,39746000000.0
1567977325.631125,23463999999.999996,-1050999999.9999999,39746000000.0
1567977325.7311568,23463999999.999996,-1050999999.9999999,39746000000.0
1567977325.8312643,23463999999.999996,-1050999999.9999999,39746000000.0
1567977325.9311936,23463999999.999996,-1050999999.9999999,39746000000.0
1567977326.0311365,23463999999.999996,-1050999999.9999999,39746000000.0
1567977326.1312318,23463999999.999996,-1050999999.9999999,39746000000.0
1567977326.2311814,23463999999.999996,-1050999999.9999999,39746000000.0
1567977326.3313067,23463999999.999996,-1050999999.9999999,39746000000.0
1567977326.4312704,23463999999.999996,-1050999999.9999999,39746000000.0
1567977326.5311143,23463999999.999996,-1050999999.9999999,39746000000.0
1567977326.6312888,23463999999.999996,-1050999999.9999999,39746000000.0
1567977326.731275,23463999999.999996,-1050999999.9999999,39746000000.0
1567977326.8311357,23463999999.999996,-1050999999.9999999,39746000000.0
1567977326.9311852,23463999999.999996,-1050999999.9999999,39746000000.0
1567977327.03122,23463999999.999996,-1050999999.9999999,39746000000.0
1567977327.1312265,23463999999.999996,-1050999999.9999999,39746000000.0
1567977327.231343,23463999999.999996,-1050999999.9999999,39746000000.0
1567977327.33124,23463999999.999996,-1050999999.9999999,39746000000.0
1567977327.4313061,23463999999.999996,-1050999999.9999999,39746000000.0
1567977327.531348,23463999999.999996,-1050999999.9999999,39746000000.0
1567977327.6313455,23463999999.999996,-1050999999.9999999,39746000000.0
1567977327.731188,23463999999.999996,-1050999999.9999999,39746000000.0
1567977327.831267,23463999999.999996,-1050999999.9999999,39746000000.0
1567977327.9312634,23463999999.999996,-1050999999.9999999,39746000000.0
1567977328.031313,23463999999.999996,-1050999999.9999999,39746000000.0
1567977328.131129,23463999999.999996,-1050999999.9999999,39746000000.0
1567977328.2312706,23463999999.999996,-1050999999.9999999,39746000000.0
1567977328.3311357,23463999999.999996,-1050999999.9999999,39746000000.0
1567977328.4312007,23463999999.999996,-1050999999.9999999,39746000000.0
1567977328.5312247,23463999999.999996,-1050999999.9999999,39746000000.0
1567977328.6312613,23463999999.999996,-1050999999.9999999,39746000000.0
1567977328.7312574,23463999999.999996,-1050999999.9999999,39746000000.0
1567977328.8313544,23463999999.999996,-1050999999.9999999,39746000000.0
1567977328.9311528,23463999999.999996,-1050999999.9999999,39746000000.0
1567977329.0311234,23463999999.999996,-1050999999.9999999,39746000000.0
1567977329.131149,23463999999.999996,-1050999999.9999999,39746000000.0
1567977329.231268,23463999999.999996,-1050999999.9999999,39746000000.0
1567977329.3311925,23463999999.999996,-1050999999.9999999,39746000000.0
1567977329.4312298,23463999999.999996,-1050999999.9999999,39746000000.0
1567977329.5311096,23463999999.999996,-1050999999.9999999,39746000000.0
1567977329.6313257,23463999999.999996,-1050999999.9999999,39746000000.0
1567977329.7312922,23463999999.999996,-1050999999.9999999,39746000000.0
1567977329.8311863,23463999999.999996,-1050999999.9999999,39746000000.0
1567977329.9311757,23463999999.999996,-1050999999.9999999,39746000000.0
1567977330.0311852,23463999999.999996,-1050999999.9999999,39746000000.0
1567977330.1312776,23463999999.999996,-1050999999.9999999,39746000000.0
1567977330.2313561,23463999999.999996,-1050999999.9999999,39746000000.0
1567977330.3312194,23463999999.999996,-1050999999.9999999,39746000000.0
1567977330.4313073,23463999999.999996,-1050999999.9999999,39746000000.0
1567977330.607827,23463999999.999996,-1050999999.9999999,39746000000.0
1567977330.631143,23463999999.999996,-1050999999.9999999,39746000000.0
1567977330.7311363,23463999999.999996,-1050999999.9999999,39746000000.0
1567977330.831146,23463999999.999996,-1050999999.9999999,39746000000.0
1567977330.9312084,23463999999.999996,-1050999999.9999999,39746000000.0
1567977331.0311155,23463999999.999996,-1050999999.9999999,39746000000.0
1567977331.131135,23463999999.999996,-1050999999.9999999,39746000000.0
1567977331.2311184,23463999999.999996,-1050999999.9999999,39746000000.0
1567977331.3312602,23463999999.999996,-1050999999.9999999,39746000000.0
1567977331.431225,23463999999.999996,-1050999999.9999999,39746000000.0
1567977331.5312352,23463999999.999996,-1050999999.9999999,39746000000.0
1567977331.6312363,23463999999.999996,-1050999999.9999999,39746000000.0
1567977331.7312686,23463999999.999996,-1050999999.9999999,39746000000.0
1567977331.8313258,23463999999.999996,-1050999999.9999999,39746000000.0
1567977331.9312894,23463999999.999996,-1050999999.9999999,39746000000.0
1567977332.0311086,23463999999.999996,-1050999999.9999999,39746000000.0
1567977332.1311157,23463999999.999996,-1050999999.9999999,39746000000.0
1567977332.2311733,23463999999.999996,-1050999999.9999999,39746000000.0
1567977332.331235,23463999999.999996,-1050999999.9999999,39746000000.0
1567977332.4311748,23463999999.999996,-1050999999.9999999,39746000000.0
1567977332.5311356,23463999999.999996,-1050999999.9999999,39746000000.0
1567977332.631349,23463999999.999996,-1050999999.9999999,39746000000.0
1567977332.7311366,23463999999.999996,-1050999999.9999999,39746000000.0
1567977332.8312614,23463999999.999996,-1050999999.9999999,39746000000.0
1567977332.931105,23463999999.999996,-1050999999.9999999,39746000000.0
1567977333.0312707,23463999999.999996,-1050999999.9999999,39746000000.0
1567977333.1312175,23463999999.999996,-1050999999.9999999,39746000000.0
1567977333.231265,23463999999.999996,-1050999999.9999999,39746000000.0
1567977333.331343,23463999999.999996,-1050999999.9999999,39746000000.0
1567977333.4311068,23463999999.999996,-1050999999.9999999,39746000000.0
1567977333.5312216,23463999999.999996,-1050999999.9999999,39746000000.0
1567977333.6311262,23463999999.999996,-1050999999.9999999,39746000000.0
1567977333.7313893,23463999999.999996,-1050999999.9999999,39746000000.0
1567977333.8312683,23463999999.999996,-1050999999.9999999,39746000000.0
1567977333.9312134,23463999999.999996,-1050999999.9999999,39746000000.0
1567977334.0313327,23463999999.999996,-1050999999.9999999,39746000000.0
1567977334.1311011,23463999999.999996,-1050999999.9999999,39746000000.0
1567977334.2311475,23463999999.999996,-1050999999.9999999,39746000000.0
1567977334.331252,23463999999.999996,-1050999999.9999999,39746000000.0
1567977334.4312088,23463999999.999996,-1050999999.9999999,39746000000.0
1567977334.5312717,23463999999.999996,-1050999999.9999999,39746000000.0
1567977334.63132,23463999999.999996,-1050999999.9999999,39746000000.0
1567977334.731157,23463999999.999996,-1050999999.9999999,39746000000.0
1567977334.831111,23463999999.999996,-1050999999.9999999,39746000000.0
1567977334.9312162,23463999999.999996,-1050999999.9999999,39746000000.0
1567977335.031191,23463999999.999996,-1050999999.9999999,39746000000.0
1567977335.131157,23463999999.999996,-1050999999.9999999,39746000000.0
1567977335.231321,23463999999.999996,-1050999999.9999999,39746000000.0
1567977335.3311083,23463999999.999996,-1050999999.9999999,39746000000.0
1567977335.4313154,23463999999.999996,-1050999999.9999999,39746000000.0
1567977335.5312884,23463999999.999996,-1050999999.9999999,39746000000.0
1567977335.631235,23463999999.999996,-1050999999.9999999,39746000000.0
1567977335.7311466,23463999999.999996,-1050999999.9999999,39746000000.0
1567977335.831128,23463999999.999996,-1050999999.9999999,39746000000.0
1567977335.9311724,23463999999.999996,-1050999999.9999999,39746000000.0
1567977336.031239,23463999999.999996,-1050999999.9999999,39746000000.0
1567977336.1311204,23463999999.999996,-1050999999.9999999,39746000000.0
1567977336.2312956,23463999999.999996,-1050999999.9999999,39746000000.0
1567977336.3311908,23463999999.999996,-1050999999.9999999,39746000000.0
1567977336.4311972,23463999999.999996,-1050999999.9999999,39746000000.0
1567977336.5311058,23463999999.999996,-1050999999.9999999,39746000000.0
1567977336.63132,23463999999.999996,-1050999999.9999999,39746000000.0
1567977336.731324,23463999999.999996,-1050999999.9999999,39746000000.0
1567977336.8311317,23463999999.999996,-1050999999.9999999,39746000000.0
1567977336.9311643,23463999999.999996,-1050999999.9999999,39746000000.0
1567977337.0311298,23463999999.999996,-1050999999.9999999,39746000000.0
1567977337.131116,23463999999.999996,-1050999999.9999999,39746000000.0
1567977337.2311795,23463999999.999996,-1050999999.9999999,39746000000.0
1567977337.331129,23463999999.999996,-1050999999.9999999,39746000000.0
1567977337.4313035,23463999999.999996,-1050999999.9999999,39746000000.0
1567977337.5311801,23463999999.999996,-1050999999.9999999,39746000000.0
1567977337.6313016,23463999999.999996,-1050999999.9999999,39746000000.0
1567977337.7312565,23463999999.999996,-1050999999.9999999,39746000000.0
1567977337.831122,23463999999.999996,-1050999999.9999999,39746000000.0
1567977337.931173,23463999999.999996,-1050999999.9999999,39746000000.0
1567977338.0312471,23463999999.999996,-1050999999.9999999,39746000000.0
1567977338.131142,23463999999.999996,-1050999999.9999999,39746000000.0
1567977338.2312758,23463999999.999996,-1050999999.9999999,39746000000.0
1567977338.331349,23463999999.999996,-1050999999.9999999,39746000000.0
1567977338.431325,23463999999.999996,-1050999999.9999999,39746000000.0
1567977338.5311365,23463999999.999996,-1050999999.9999999,39746000000.0
1567977338.631237,23463999999.999996,-1050999999.9999999,39746000000.0
1567977338.7311134,23463999999.999996,-1050999999.9999999,39746000000.0
1567977338.831108,23463999999.999996,-1050999999.9999999,39746000000.0
1567977338.9311318,23463999999.999996,-1050999999.9999999,39746000000.0
1567977339.031122,23463999999.999996,-1050999999.9999999,39746000000.0
1567977339.1312864,23463999999.999996,-1050999999.9999999,39746000000.0
1567977339.2311442,23463999999.999996,-1050999999.9999999,39746000000.0
1567977339.3313277,23463999999.999996,-1050999999.9999999,39746000000.0
1567977339.4313338,23463999999.999996,-1050999999.9999999,39746000000.0
1567977339.5312593,23463999999.999996,-1050999999.9999999,39746000000.0
1567977339.6311865,23463999999.999996,-1050999999.9999999,39746000000.0
1567977339.7312465,23463999999.999996,-1050999999.9999999,39746000000.0
1567977339.8312342,23463999999.999996,-1050999999.9999999,39746000000.0
1567977339.9313135,23463999999.999996,-1050999999.9999999,39746000000.0
1567977340.0312436,23463999999.999996,-1050999999.9999999,39746000000.0
1567977340.131136,23463999999.999996,-1050999999.9999999,39746000000.0
1567977340.2312758,23463999999.999996,-1050999999.9999999,39746000000.0
1567977340.3311296,23463999999.999996,-1050999999.9999999,39746000000.0
1567977340.4311543,23463999999.999996,-1050999999.9999999,39746000000.0
1567977340.531102,23463999999.999996,-1050999999.9999999,39746000000.0
1567977340.631347,23463999999.999996,-1050999999.9999999,39746000000.0
1567977340.731147,23463999999.999996,-1050999999.9999999,39746000000.0
1567977340.8311696,23463999999.999996,-1050999999.9999999,39746000000.0
1567977340.9311872,23463999999.999996,-1050999999.9999999,39746000000.0
1567977341.031234,23463999999.999996,-1050999999.9999999,39746000000.0
1567977341.1311119,23463999999.999996,-1050999999.9999999,39746000000.0
1567977341.231191,23463999999.999996,-1050999999.9999999,39746000000.0
1567977341.331118,23463999999.999996,-1050999999.9999999,39746000000.0
1567977341.4311368,23463999999.999996,-1050999999.9999999,39746000000.0
1567977341.5311224,23463999999.999996,-1050999999.9999999,39746000000.0
1567977341.6313162,23463999999.999996,-1050999999.9999999,39746000000.0
1567977341.7312164,23463999999.999996,-1050999999.9999999,39746000000.0
1567977341.8311126,23463999999.999996,-1050999999.9999999,39746000000.0
1567977341.9311895,23463999999.999996,-1050999999.9999999,39746000000.0
1567977342.0311933,23463999999.999996,-1050999999.9999999,39746000000.0
1567977342.13128,23463999999.999996,-1050999999.9999999,39746000000.0
1567977342.2311423,23463999999.999996,-1050999999.9999999,39746000000.0
1567977342.331108,23463999999.999996,-1050999999.9999999,39746000000.0
1567977342.4313273,23463999999.999996,-1050999999.9999999,39746000000.0
1567977342.5312355,23463999999.999996,-1050999999.9999999,39746000000.0
1567977342.6313045,23463999999.999996,-1050999999.9999999,39746000000.0
1567977342.731154,23463999999.999996,-1050999999.9999999,39746000000.0
1567977342.831206,23463999999.999996,-1050999999.9999999,39746000000.0
1567977342.9313388,23463999999.999996,-1050999999.9999999,39746000000.0
1567977343.031185,23463999999.999996,-1050999999.9999999,39746000000.0
1567977343.1311862,23463999999.999996,-1050999999.9999999,39746000000.0
1567977343.2311094,23463999999.999996,-1050999999.9999999,39746000000.0
1567977343.3311014,23463999999.999996,-1050999999.9999999,39746000000.0
1567977343.4311426,23463999999.999996,-1050999999.9999999,39746000000.0
1567977343.531206,23463999999.999996,-1050999999.9999999,39746000000.0
1567977343.6311922,23463999999.999996,-1050999999.9999999,39746000000.0
1567977343.7311077,23463999999.999996,-1050999999.9999999,39746000000.0
1567977343.8312452,23463999999.999996,-1050999999.9999999,39746000000.0
1567977343.9311886,23463999999.999996,-1050999999.9999999,39746000000.0
1567977344.031158,23463999999.999996,-1050999999.9999999,39746000000.0
1567977344.131102,23463999999.999996,-1050999999.9999999,39746000000.0
1567977344.2312129,23463999999.999996,-1050999999.9999999,39746000000.0
1567977344.331189,23463999999.999996,-1050999999.9999999,39746000000.0
1567977344.4311795,23463999999.999996,-1050999999.9999999,39746000000.0
1567977344.5313075,23463999999.999996,-1050999999.9999999,39746000000.0
1567977344.6311853,23463999999.999996,-1050999999.9999999,39746000000.0
1567977344.7312033,23463999999.999996,-1050999999.9999999,39746000000.0
1567977344.831364,23463999999.999996,-1050999999.9999999,39746000000.0
1567977344.9312935,23463999999.999996,-1050999999.9999999,39746000000.0
1567977345.0312133,23463999999.999996,-1050999999.9999999,39746000000.0
1567977345.1311934,23463999999.999996,-1050999999.9999999,39746000000.0
1567977345.2311823,23463999999.999996,-1050999999.9999999,39746000000.0
1567977345.3313346,23463999999.999996,-1050999999.9999999,39746000000.0
1567977345.4311442,23463999999.999996,-1050999999.9999999,39746000000.0
1567977345.5311928,23463999999.999996,-1050999999.9999999,39746000000.0
1567977345.631187,23463999999.999996,-1050999999.9999999,39746000000.0
1567977345.7312336,23463999999.999996,-1050999999.9999999,39746000000.0
1567977345.8312426,23463999999.999996,-1050999999.9999999,39746000000.0
1567977345.9311142,23463999999.999996,-1050999999.9999999,39746000000.0
1567977346.0311902,23463999999.999996,-1050999999.9999999,39746000000.0
1567977346.1312957,23463999999.999996,-1050999999.9999999,39746000000.0
1567977346.2311943,23463999999.999996,-1050999999.9999999,39746000000.0
1567977346.3312228,23463999999.999996,-1050999999.9999999,39746000000.0
1567977346.4312603,23463999999.999996,-1050999999.9999999,39746000000.0
1567977346.5311801,23463999999.999996,-1050999999.9999999,39746000000.0
1567977346.6311169,23463999999.999996,-1050999999.9999999,39746000000.0
1567977346.7311783,23463999999.999996,-1050999999.9999999,39746000000.0
1567977346.8312507,23463999999.999996,-1050999999.9999999,39746000000.0
1567977346.9311886,23463999999.999996,-1050999999.9999999,39746000000.0
1567977347.0311415,23463999999.999996,-1050999999.9999999,39746000000.0
1567977347.1312244,23463999999.999996,-1050999999.9999999,39746000000.0
1567977347.231196,23463999999.999996,-1050999999.9999999,39746000000.0
1567977347.331157,23463999999.999996,-1050999999.9999999,39746000000.0
1567977347.4312756,23463999999.999996,-1050999999.9999999,39746000000.0
1567977347.5312338,23463999999.999996,-1050999999.9999999,39746000000.0
1567977347.6311405,23463999999.999996,-1050999999.9999999,39746000000.0
1567977347.7311513,23463999999.999996,-1050999999.9999999,39746000000.0
1567977347.8311863,23463999999.999996,-1050999999.9999999,39746000000.0
1567977347.9311476,23463999999.999996,-1050999999.9999999,39746000000.0
1567977348.0313299,23463999999.999996,-1050999999.9999999,39746000000.0
1567977348.131121,23463999999.999996,-1050999999.9999999,39746000000.0
1567977348.231146,23463999999.999996,-1050999999.9999999,39746000000.0
1567977348.3313453,23463999999.999996,-1050999999.9999999,39746000000.0
1567977348.4312284,23463999999.999996,-1050999999.9999999,39746000000.0
1567977348.531296,23463999999.999996,-1050999999.9999999,39746000000.0
1567977348.6311862,23463999999.999996,-1050999999.9999999,39746000000.0
1567977348.7312913,23463999999.999996,-1050999999.9999999,39746000000.0
1567977348.8313653,23463999999.999996,-1050999999.9999999,39746000000.0
1567977348.9313576,23463999999.999996,-1050999999.9999999,39746000000.0
1567977349.031131,23463999999.999996,-1050999999.9999999,39746000000.0
1567977349.131161,23463999999.999996,-1050999999.9999999,39746000000.0
1567977349.231224,23463999999.999996,-1050999999.9999999,39746000000.0
1567977349.3312318,23463999999.999996,-1050999999.9999999,39746000000.0
1567977349.4311383,23463999999.999996,-1050999999.9999999,39746000000.0
1567977349.5312693,23463999999.999996,-1050999999.9999999,39746000000.0
1567977349.631125,23463999999.999996,-1050999999.9999999,39746000000.0
1567977349.7311468,23463999999.999996,-1050999999.9999999,39746000000.0
1567977349.8311987,23463999999.999996,-1050999999.9999999,39746000000.0
1567977349.9312208,23463999999.999996,-1050999999.9999999,39746000000.0
1567977350.0311756,23463999999.999996,-1050999999.9999999,39746000000.0
1567977350.131136,23463999999.999996,-1050999999.9999999,39746000000.0
1567977350.2311127,23463999999.999996,-1050999999.9999999,39746000000.0
1567977350.3311052,23463999999.999996,-1050999999.9999999,39746000000.0
1567977350.431253,23463999999.999996,-1050999999.9999999,39746000000.0
1567977350.5311282,23463999999.999996,-1050999999.9999999,39746000000.0
1567977350.6311858,23463999999.999996,-1050999999.9999999,39746000000.0
1567977350.7312362,23463999999.999996,-1050999999.9999999,39746000000.0
1567977350.8311307,23463999999.999996,-1050999999.9999999,39746000000.0
1567977350.9312582,23463999999.999996,-1050999999.9999999,39746000000.0
1567977351.031119,23463999999.999996,-1050999999.9999999,39746000000.0
1567977351.131257,23463999999.999996,-1050999999.9999999,39746000000.0
1567977351.231132,23463999999.999996,-1050999999.9999999,39746000000.0
1567977351.3313353,23463999999.999996,-1050999999.9999999,39746000000.0
1567977351.4313335,23463999999.999996,-1050999999.9999999,39746000000.0
1567977351.5312018,23463999999.999996,-1050999999.9999999,39746000000.0
1567977351.6311393,23463999999.999996,-1050999999.9999999,39746000000.0
1567977351.7311082,23463999999.999996,-1050999999.9999999,39746000000.0
1567977351.831202,23463999999.999996,-1050999999.9999999,39746000000.0
1567977351.9311392,23463999999.999996,-1050999999.9999999,39746000000.0
1567977352.03119,23463999999.999996,-1050999999.9999999,39746000000.0
1567977352.1311026,23463999999.999996,-1050999999.9999999,39746000000.0
1567977352.2311096,23463999999.999996,-1050999999.9999999,39746000000.0
1567977352.331232,23463999999.999996,-1050999999.9999999,39746000000.0
1567977352.4311159,23463999999.999996,-1050999999.9999999,39746000000.0
1567977352.5313132,23463999999.999996,-1050999999.9999999,39746000000.0
1567977352.6311307,23463999999.999996,-1050999999.9999999,39746000000.0
1567977352.731125,23463999999.999996,-1050999999.9999999,39746000000.0
1567977352.8313472,23463999999.999996,-1050999999.9999999,39746000000.0
1567977352.9311268,23463999999.999996,-1050999999.9999999,39746000000.0
1567977353.03115,23463999999.999996,-1050999999.9999999,39746000000.0
1567977353.1311762,23463999999.999996,-1050999999.9999999,39746000000.0
1567977353.231125,23463999999.999996,-1050999999.9999999,39746000000.0
1567977353.3312635,23463999999.999996,-1050999999.9999999,39746000000.0
1567977353.4312527,23463999999.999996,-1050999999.9999999,39746000000.0
1567977353.531364,23463999999.999996,-1050999999.9999999,39746000000.0
1567977353.6311836,23463999999.999996,-1050999999.9999999,39746000000.0
1567977353.7312376,23463999999.999996,-1050999999.9999999,39746000000.0
1567977353.8311322,23463999999.999996,-1050999999.9999999,39746000000.0
1567977353.9312255,23463999999.999996,-1050999999.9999999,39746000000.0
1567977354.0311124,23463999999.999996,-1050999999.9999999,39746000000.0
1567977354.1313417,23463999999.999996,-1050999999.9999999,39746000000.0
1567977354.2310998,23463999999.999996,-1050999999.9999999,39746000000.0
1567977354.3312902,23463999999.999996,-1050999999.9999999,39746000000.0
1567977354.4311209,23463999999.999996,-1050999999.9999999,39746000000.0
1567977354.5312617,23463999999.999996,-1050999999.9999999,39746000000.0
1567977354.631137,23463999999.999996,-1050999999.9999999,39746000000.0
1567977354.731199,23463999999.999996,-1050999999.9999999,39746000000.0
1567977354.8312695,23463999999.999996,-1050999999.9999999,39746000000.0
1567977354.9311554,23463999999.999996,-1050999999.9999999,39746000000.0
1567977355.0311387,23463999999.999996,-1050999999.9999999,39746000000.0
1567977355.131262,23463999999.999996,-1050999999.9999999,39746000000.0
1567977355.2311234,23463999999.999996,-1050999999.9999999,39746000000.0
1567977355.3311963,23463999999.999996,-1050999999.9999999,39746000000.0
1567977355.4312346,23463999999.999996,-1050999999.9999999,39746000000.0
1567977355.5312412,23463999999.999996,-1050999999.9999999,39746000000.0
1567977355.6312344,23463999999.999996,-1050999999.9999999,39746000000.0
1567977355.7311702,23463999999.999996,-1050999999.9999999,39746000000.0
1567977355.8311095,23463999999.999996,-1050999999.9999999,39746000000.0
1567977355.9311488,23463999999.999996,-1050999999.9999999,39746000000.0
1567977356.0311751,23463999999.999996,-1050999999.9999999,39746000000.0
1567977356.131137,23463999999.999996,-1050999999.9999999,39746000000.0
1567977356.2312915,23463999999.999996,-1050999999.9999999,39746000000.0
1567977356.3311932,23463999999.999996,-1050999999.9999999,39746000000.0
1567977356.4312003,23463999999.999996,-1050999999.9999999,39746000000.0
1567977356.5311415,23463999999.999996,-1050999999.9999999,39746000000.0
1567977356.631195,23463999999.999996,-1050999999.9999999,39746000000.0
1567977356.731142,23463999999.999996,-1050999999.9999999,39746000000.0
1567977356.8311806,23463999999.999996,-1050999999.9999999,39746000000.0
1567977356.9312136,23463999999.999996,-1050999999.9999999,39746000000.0
1567977357.031119,23463999999.999996,-1050999999.9999999,39746000000.0
1567977357.1313386,23463999999.999996,-1050999999.9999999,39746000000.0
1567977357.4748397,23463999999.999996,-1050999999.9999999,39746000000.0
1567977357.5313199,23463999999.999996,-1050999999.9999999,39746000000.0
1567977357.6312165,23463999999.999996,-1050999999.9999999,39746000000.0
1567977357.7311664,23463999999.999996,-1050999999.9999999,39746000000.0
1567977357.8312259,23463999999.999996,-1050999999.9999999,39746000000.0
1567977357.9312892,23463999999.999996,-1050999999.9999999,39746000000.0
1567977358.0313568,23463999999.999996,-1050999999.9999999,39746000000.0
1567977358.131254,23463999999.999996,-1050999999.9999999,39746000000.0
1567977358.2313247,23463999999.999996,-1050999999.9999999,39746000000.0
1567977358.3312547,23463999999.999996,-1050999999.9999999,39746000000.0
1567977358.4311602,23463999999.999996,-1050999999.9999999,39746000000.0
1567977358.531167,23463999999.999996,-1050999999.9999999,39746000000.0
1567977358.631176,23463999999.999996,-1050999999.9999999,39746000000.0
1567977358.7311594,23463999999.999996,-1050999999.9999999,39746000000.0
1567977358.8312075,23463999999.999996,-1050999999.9999999,39746000000.0
1567977358.931104,23463999999.999996,-1050999999.9999999,39746000000.0
1567977359.0311387,23463999999.999996,-1050999999.9999999,39746000000.0
1567977359.13132,23463999999.999996,-1050999999.9999999,39746000000.0
1567977359.2311282,23463999999.999996,-1050999999.9999999,39746000000.0
1567977359.331193,23463999999.999996,-1050999999.9999999,39746000000.0
1567977359.4311836,23463999999.999996,-1050999999.9999999,39746000000.0
1567977359.5312004,23463999999.999996,-1050999999.9999999,39746000000.0
1567977359.6313548,23463999999.999996,-1050999999.9999999,39746000000.0
1567977359.7311583,23463999999.999996,-1050999999.9999999,39746000000.0
1567977359.8311357,23463999999.999996,-1050999999.9999999,39746000000.0
1567977359.9311929,23463999999.999996,-1050999999.9999999,39746000000.0
1567977360.0312681,23463999999.999996,-1050999999.9999999,39746000000.0
1567977360.1311536,23463999999.999996,-1050999999.9999999,39746000000.0
1567977360.231277,23463999999.999996,-1050999999.9999999,39746000000.0
1567977360.331352,23463999999.999996,-1050999999.9999999,39746000000.0
1567977360.4312458,23463999999.999996,-1050999999.9999999,39746000000.0
1567977360.5311337,23463999999.999996,-1050999999.9999999,39746000000.0
1567977360.6311595,23463999999.999996,-1050999999.9999999,39746000000.0
1567977360.7312891,23463999999.999996,-1050999999.9999999,39746000000.0
1567977360.8311384,23463999999.999996,-1050999999.9999999,39746000000.0
1567977360.931286,23463999999.999996,-1050999999.9999999,39746000000.0
1567977361.0313451,23463999999.999996,-1050999999.9999999,39746000000.0
1567977361.1312878,23463999999.999996,-1050999999.9999999,39746000000.0
1567977361.2312214,23463999999.999996,-1050999999.9999999,39746000000.0
1567977361.331139,23463999999.999996,-1050999999.9999999,39746000000.0
1567977361.431204,23463999999.999996,-1050999999.9999999,39746000000.0
1567977361.5311778,23463999999.999996,-1050999999.9999999,39746000000.0
1567977361.6311831,23463999999.999996,-1050999999.9999999,39746000000.0
1567977361.7311032,23463999999.999996,-1050999999.9999999,39746000000.0
1567977361.8312113,23463999999.999996,-1050999999.9999999,39746000000.0
1567977361.931286,23463999999.999996,-1050999999.9999999,39746000000.0
1567977362.03117,23463999999.999996,-1050999999.9999999,39746000000.0
1567977362.1311371,23463999999.999996,-1050999999.9999999,39746000000.0
1567977362.2311363,23463999999.999996,-1050999999.9999999,39746000000.0
1567977362.3311927,23463999999.999996,-1050999999.9999999,39746000000.0
1567977362.431135,23463999999.999996,-1050999999.9999999,39746000000.0
1567977362.5311613,23463999999.999996,-1050999999.9999999,39746000000.0
1567977362.6312525,23463999999.999996,-1050999999.9999999,39746000000.0
1567977362.7311258,23463999999.999996,-1050999999.9999999,39746000000.0
1567977362.8311408,23463999999.999996,-1050999999.9999999,39746000000.0
1567977362.9312372,23463999999.999996,-1050999999.9999999,39746000000.0
1567977363.0313377,23463999999.999996,-1050999999.9999999,39746000000.0
1567977363.1311388,23463999999.999996,-1050999999.9999999,39746000000.0
1567977363.2313218,23463999999.999996,-1050999999.9999999,39746000000.0
1567977363.3311157,23463999999.999996,-1050999999.9999999,39746000000.0
1567977363.4311278,23463999999.999996,-1050999999.9999999,39746000000.0
1567977363.5312667,23463999999.999996,-1050999999.9999999,39746000000.0
1567977363.6313093,23463999999.999996,-1050999999.9999999,39746000000.0
1567977363.7311933,23463999999.999996,-1050999999.9999999,39746000000.0
1567977363.8311007,23463999999.999996,-1050999999.9999999,39746000000.0
1567977363.9311182,23463999999.999996,-1050999999.9999999,39746000000.0
1567977364.0311925,23463999999.999996,-1050999999.9999999,39746000000.0
1567977364.1311276,23463999999.999996,-1050999999.9999999,39746000000.0
1567977364.2312753,23463999999.999996,-1050999999.9999999,39746000000.0
1567977364.3311968,23463999999.999996,-1050999999.9999999,39746000000.0
1567977364.4311392,23463999999.999996,-1050999999.9999999,39746000000.0
1567977364.5311432,23463999999.999996,-1050999999.9999999,39746000000.0
1567977364.6312582,23463999999.999996,-1050999999.9999999,39746000000.0
1567977364.731201,23463999999.999996,-1050999999.9999999,39746000000.0
1567977364.831253,23463999999.999996,-1050999999.9999999,39746000000.0
1567977364.9311366,23463999999.999996,-1050999999.9999999,39746000000.0
1567977365.031205,23463999999.999996,-1050999999.9999999,39746000000.0
1567977365.1313393,23463999999.999996,-1050999999.9999999,39746000000.0
1567977365.318601,23463999999.999996,-1050999999.9999999,39746000000.0
1567977365.3313155,23463999999.999996,-1050999999.9999999,39746000000.0
1567977365.4312794,23463999999.999996,-1050999999.9999999,39746000000.0
1567977365.5311046,23463999999.999996,-1050999999.9999999,39746000000.0
1567977365.6312788,23463999999.999996,-1050999999.9999999,39746000000.0
1567977365.7312906,23463999999.999996,-1050999999.9999999,39746000000.0
1567977365.8312385,23463999999.999996,-1050999999.9999999,39746000000.0
1567977365.9312181,23463999999.999996,-1050999999.9999999,39746000000.0
1567977366.031282,23463999999.999996,-1050999999.9999999,39746000000.0
1567977366.1311808,23463999999.999996,-1050999999.9999999,39746000000.0
1567977366.2312183,23463999999.999996,-1050999999.9999999,39746000000.0
1567977366.331188,23463999999.999996,-1050999999.9999999,39746000000.0
1567977366.4311118,23463999999.999996,-1050999999.9999999,39746000000.0
1567977366.5311532,23463999999.999996,-1050999999.9999999,39746000000.0
1567977366.6312108,23463999999.999996,-1050999999.9999999,39746000000.0
1567977366.731239,23463999999.999996,-1050999999.9999999,39746000000.0
1567977366.8312101,23463999999.999996,-1050999999.9999999,39746000000.0
1567977366.9311452,23463999999.999996,-1050999999.9999999,39746000000.0
1567977367.0311584,23463999999.999996,-1050999999.9999999,39746000000.0
1567977367.1311839,23463999999.999996,-1050999999.9999999,39746000000.0
1567977367.2312565,23463999999.999996,-1050999999.9999999,39746000000.0
1567977367.3311965,23463999999.999996,-1050999999.9999999,39746000000.0
1567977367.4311624,23463999999.999996,-1050999999.9999999,39746000000.0
1567977367.5312424,23463999999.999996,-1050999999.9999999,39746000000.0
1567977367.631209,23463999999.999996,-1050999999.9999999,39746000000.0
1567977367.7313254,23463999999.999996,-1050999999.9999999,39746000000.0
1567977367.831176,23463999999.999996,-1050999999.9999999,39746000000.0
1567977367.9311082,23463999999.999996,-1050999999.9999999,39746000000.0
1567977368.0313172,23463999999.999996,-1050999999.9999999,39746000000.0
1567977368.131209,23463999999.999996,-1050999999.9999999,39746000000.0
1567977368.2313151,23463999999.999996,-1050999999.9999999,39746000000.0
1567977368.3311357,23463999999.999996,-1050999999.9999999,39746000000.0
1567977368.4311187,23463999999.999996,-1050999999.9999999,39746000000.0
1567977368.5311358,23463999999.999996,-1050999999.9999999,39746000000.0
1567977368.6314306,23463999999.999996,-1050999999.9999999,39746000000.0
1567977368.7313585,23463999999.999996,-1050999999.9999999,39746000000.0
1567977368.8312538,23463999999.999996,-1050999999.9999999,39746000000.0
1567977368.9311798,23463999999.999996,-1050999999.9999999,39746000000.0
1567977369.0312433,23463999999.999996,-1050999999.9999999,39746000000.0
1567977369.1311424,23463999999.999996,-1050999999.9999999,39746000000.0
1567977369.231227,23463999999.999996,-1050999999.9999999,39746000000.0
1567977369.331244,23463999999.999996,-1050999999.9999999,39746000000.0
1567977369.4312458,23463999999.999996,-1050999999.9999999,39746000000.0
1567977369.5311544,23463999999.999996,-1050999999.9999999,39746000000.0
1567977369.6311793,23463999999.999996,-1050999999.9999999,39746000000.0
1567977369.7311935,23463999999.999996,-1050999999.9999999,39746000000.0
1567977369.8311863,23463999999.999996,-1050999999.9999999,39746000000.0
1567977369.931223,23463999999.999996,-1050999999.9999999,39746000000.0
1567977370.0311353,23463999999.999996,-1050999999.9999999,39746000000.0
1567977370.1311018,23463999999.999996,-1050999999.9999999,39746000000.0
1567977370.2312582,23463999999.999996,-1050999999.9999999,39746000000.0
1567977370.3313332,23463999999.999996,-1050999999.9999999,39746000000.0
1567977370.4312031,23463999999.999996,-1050999999.9999999,39746000000.0
1567977370.5312169,23463999999.999996,-1050999999.9999999,39746000000.0
1567977370.6312025,23463999999.999996,-1050999999.9999999,39746000000.0
1567977370.7313654,23463999999.999996,-1050999999.9999999,39746000000.0
1567977370.831299,23463999999.999996,-1050999999.9999999,39746000000.0
1567977370.931177,23463999999.999996,-1050999999.9999999,39746000000.0
1567977371.0312905,23463999999.999996,-1050999999.9999999,39746000000.0
1567977371.1313438,23463999999.999996,-1050999999.9999999,39746000000.0
1567977371.2312014,23463999999.999996,-1050999999.9999999,39746000000.0
1567977371.3313277,23463999999.999996,-1050999999.9999999,39746000000.0
1567977371.4312139,23463999999.999996,-1050999999.9999999,39746000000.0
1567977371.5313003,23463999999.999996,-1050999999.9999999,39746000000.0
1567977371.6311984,23463999999.999996,-1050999999.9999999,39746000000.0
1567977371.731124,23463999999.999996,-1050999999.9999999,39746000000.0
1567977371.8313406,23463999999.999996,-1050999999.9999999,39746000000.0
1567977371.9313028,23463999999.999996,-1050999999.9999999,39746000000.0
1567977372.0313299,23463999999.999996,-1050999999.9999999,39746000000.0
1567977372.1312342,23463999999.999996,-1050999999.9999999,39746000000.0
1567977372.2312975,23463999999.999996,-1050999999.9999999,39746000000.0
1567977372.331213,23463999999.999996,-1050999999.9999999,39746000000.0
1567977372.431198,23463999999.999996,-1050999999.9999999,39746000000.0
1567977372.5311415,23463999999.999996,-1050999999.9999999,39746000000.0
1567977372.6311653,23463999999.999996,-1050999999.9999999,39746000000.0
1567977372.7312372,23463999999.999996,-1050999999.9999999,39746000000.0
1567977372.8311288,23463999999.999996,-1050999999.9999999,39746000000.0
1567977372.9311886,23463999999.999996,-1050999999.9999999,39746000000.0
1567977373.0312133,23463999999.999996,-1050999999.9999999,39746000000.0
1567977373.1311398,23463999999.999996,-1050999999.9999999,39746000000.0
1567977373.231119,23463999999.999996,-1050999999.9999999,39746000000.0
1567977373.3311188,23463999999.999996,-1050999999.9999999,39746000000.0
1567977373.4311423,23463999999.999996,-1050999999.9999999,39746000000.0
1567977373.5311155,23463999999.999996,-1050999999.9999999,39746000000.0
1567977373.6312492,23463999999.999996,-1050999999.9999999,39746000000.0
1567977373.7312613,23463999999.999996,-1050999999.9999999,39746000000.0
1567977373.8313363,23463999999.999996,-1050999999.9999999,39746000000.0
1567977373.9312994,23463999999.999996,-1050999999.9999999,39746000000.0
1567977374.0311449,23463999999.999996,-1050999999.9999999,39746000000.0
1567977374.1311727,23463999999.999996,-1050999999.9999999,39746000000.0
1567977374.2312875,23463999999.999996,-1050999999.9999999,39746000000.0
1567977374.3313534,23463999999.999996,-1050999999.9999999,39746000000.0
1567977374.4313393,23463999999.999996,-1050999999.9999999,39746000000.0
1567977374.531133,23463999999.999996,-1050999999.9999999,39746000000.0
1567977374.6311617,23463999999.999996,-1050999999.9999999,39746000000.0
1567977374.731288,23463999999.999996,-1050999999.9999999,39746000000.0
1567977374.8311002,23463999999.999996,-1050999999.9999999,39746000000.0
1567977374.9311416,23463999999.999996,-1050999999.9999999,39746000000.0
1567977375.0311294,23463999999.999996,-1050999999.9999999,39746000000.0
1567977375.1311677,23463999999.999996,-1050999999.9999999,39746000000.0
1567977375.231282,23463999999.999996,-1050999999.9999999,39746000000.0
1567977375.3312833,23463999999.999996,-1050999999.9999999,39746000000.0
1567977375.4312887,23463999999.999996,-1050999999.9999999,39746000000.0
1567977375.5312448,23463999999.999996,-1050999999.9999999,39746000000.0
1567977375.6311085,23463999999.999996,-1050999999.9999999,39746000000.0
1567977375.7311168,23463999999.999996,-1050999999.9999999,39746000000.0
1567977375.8311498,23463999999.999996,-1050999999.9999999,39746000000.0
1567977375.9312587,23463999999.999996,-1050999999.9999999,39746000000.0
1567977376.031328,23463999999.999996,-1050999999.9999999,39746000000.0
1567977376.1312516,23463999999.999996,-1050999999.9999999,39746000000.0
1567977376.2311993,23463999999.999996,-1050999999.9999999,39746000000.0
1567977376.3312316,23463999999.999996,-1050999999.9999999,39746000000.0
1567977376.4311292,23463999999.999996,-1050999999.9999999,39746000000.0
1567977376.5312216,23463999999.999996,-1050999999.9999999,39746000000.0
1567977376.6312456,23463999999.999996,-1050999999.9999999,39746000000.0
1567977376.731125,23463999999.999996,-1050999999.9999999,39746000000.0
1567977376.8311238,23463999999.999996,-1050999999.9999999,39746000000.0
1567977376.931298,23463999999.999996,-1050999999.9999999,39746000000.0
1567977377.0311337,23463999999.999996,-1050999999.9999999,39746000000.0
1567977377.131112,23463999999.999996,-1050999999.9999999,39746000000.0
1567977377.231295,23463999999.999996,-1050999999.9999999,39746000000.0
1567977377.331223,23463999999.999996,-1050999999.9999999,39746000000.0
1567977377.4312425,23463999999.999996,-1050999999.9999999,39746000000.0
1567977377.5312335,23463999999.999996,-1050999999.9999999,39746000000.0
1567977377.6311913,23463999999.999996,-1050999999.9999999,39746000000.0
1567977377.7311842,23463999999.999996,-1050999999.9999999,39746000000.0
1567977377.8311653,23463999999.999996,-1050999999.9999999,39746000000.0
1567977377.9312654,23463999999.999996,-1050999999.9999999,39746000000.0
1567977378.031357,23463999999.999996,-1050999999.9999999,39746000000.0
1567977378.131359,23463999999.999996,-1050999999.9999999,39746000000.0
1567977378.231123,23463999999.999996,-1050999999.9999999,39746000000.0
1567977378.3313,23463999999.999996,-1050999999.9999999,39746000000.0
1567977378.431301,23463999999.999996,-1050999999.9999999,39746000000.0
1567977378.5312862,23463999999.999996,-1050999999.9999999,39746000000.0
1567977378.6311264,23463999999.999996,-1050999999.9999999,39746000000.0
1567977378.731188,23463999999.999996,-1050999999.9999999,39746000000.0
1567977378.831101,23463999999.999996,-1050999999.9999999,39746000000.0
1567977378.9312465,23463999999.999996,-1050999999.9999999,39746000000.0
1567977379.0311356,23463999999.999996,-1050999999.9999999,39746000000.0
1567977379.131236,23463999999.999996,-1050999999.9999999,39746000000.0
1567977379.2311993,23463999999.999996,-1050999999.9999999,39746000000.0
1567977379.3311274,23463999999.999996,-1050999999.9999999,39746000000.0
1567977379.43135,23463999999.999996,-1050999999.9999999,39746000000.0
1567977379.531316,23463999999.999996,-1050999999.9999999,39746000000.0
1567977379.6313183,23463999999.999996,-1050999999.9999999,39746000000.0
1567977379.7312992,23463999999.999996,-1050999999.9999999,39746000000.0
1567977379.8311417,23463999999.999996,-1050999999.9999999,39746000000.0
1567977379.9313307,23463999999.999996,-1050999999.9999999,39746000000.0
1567977380.0313354,23463999999.999996,-1050999999.9999999,39746000000.0
1567977380.1311243,23463999999.999996,-1050999999.9999999,39746000000.0
1567977380.2313318,23463999999.999996,-1050999999.9999999,39746000000.0
1567977380.3311822,23463999999.999996,-1050999999.9999999,39746000000.0
1567977380.4311335,23463999999.999996,-1050999999.9999999,39746000000.0
1567977380.531182,23463999999.999996,-1050999999.9999999,39746000000.0
1567977380.6313372,23463999999.999996,-1050999999.9999999,39746000000.0
1567977380.7311678,23463999999.999996,-1050999999.9999999,39746000000.0
1567977380.8312685,23463999999.999996,-1050999999.9999999,39746000000.0
1567977380.931222,23463999999.999996,-1050999999.9999999,39746000000.0
1567977381.0311756,23463999999.999996,-1050999999.9999999,39746000000.0
1567977381.1311147,23463999999.999996,-1050999999.9999999,39746000000.0
1567977381.2313452,23463999999.999996,-1050999999.9999999,39746000000.0
1567977381.3312466,23463999999.999996,-1050999999.9999999,39746000000.0
1567977381.4311845,23463999999.999996,-1050999999.9999999,39746000000.0
1567977381.5312834,23463999999.999996,-1050999999.9999999,39746000000.0
1567977381.6312344,23463999999.999996,-1050999999.9999999,39746000000.0
1567977381.7312129,23463999999.999996,-1050999999.9999999,39746000000.0
1567977381.8312962,23463999999.999996,-1050999999.9999999,39746000000.0
1567977381.9311166,23463999999.999996,-1050999999.9999999,39746000000.0
1567977382.0311568,23463999999.999996,-1050999999.9999999,39746000000.0
1567977382.1313298,23463999999.999996,-1050999999.9999999,39746000000.0
1567977382.231302,23463999999.999996,-1050999999.9999999,39746000000.0
1567977382.3311946,23463999999.999996,-1050999999.9999999,39746000000.0
1567977382.4311984,23463999999.999996,-1050999999.9999999,39746000000.0
1567977382.531336,23463999999.999996,-1050999999.9999999,39746000000.0
1567977382.6311302,23463999999.999996,-1050999999.9999999,39746000000.0
1567977382.7311728,23463999999.999996,-1050999999.9999999,39746000000.0
1567977382.8311222,23463999999.999996,-1050999999.9999999,39746000000.0
1567977382.9311662,23463999999.999996,-1050999999.9999999,39746000000.0
1567977383.0313938,23463999999.999996,-1050999999.9999999,39746000000.0
1567977383.1312664,23463999999.999996,-1050999999.9999999,39746000000.0
1567977383.2312398,23463999999.999996,-1050999999.9999999,39746000000.0
1567977383.331346,23463999999.999996,-1050999999.9999999,39746000000.0
1567977383.4311197,23463999999.999996,-1050999999.9999999,39746000000.0
1567977383.5313034,23463999999.999996,-1050999999.9999999,39746000000.0
1567977383.6311157,23463999999.999996,-1050999999.9999999,39746000000.0
1567977383.7312179,23463999999.999996,-1050999999.9999999,39746000000.0
1567977383.8312035,23463999999.999996,-1050999999.9999999,39746000000.0
1567977383.9312575,23463999999.999996,-1050999999.9999999,39746000000.0
1567977384.0312529,23463999999.999996,-1050999999.9999999,39746000000.0
1567977384.1312778,23463999999.999996,-1050999999.9999999,39746000000.0
1567977384.2312667,23463999999.999996,-1050999999.9999999,39746000000.0
1567977384.3311589,23463999999.999996,-1050999999.9999999,39746000000.0
1567977384.4311137,23463999999.999996,-1050999999.9999999,39746000000.0
1567977384.5311997,23463999999.999996,-1050999999.9999999,39746000000.0
1567977384.6313004,23463999999.999996,-1050999999.9999999,39746000000.0
1567977384.7312505,23463999999.999996,-1050999999.9999999,39746000000.0
1567977384.8312094,23463999999.999996,-1050999999.9999999,39746000000.0
1567977384.9311657,23463999999.999996,-1050999999.9999999,39746000000.0
1567977385.0313501,23463999999.999996,-1050999999.9999999,39746000000.0
1567977385.1313503,23463999999.999996,-1050999999.9999999,39746000000.0
1567977385.231245,23463999999.999996,-1050999999.9999999,39746000000.0
1567977385.3311133,23463999999.999996,-1050999999.9999999,39746000000.0
1567977385.4311547,23463999999.999996,-1050999999.9999999,39746000000.0
1567977385.5311892,23463999999.999996,-1050999999.9999999,39746000000.0
1567977385.6312106,23463999999.999996,-1050999999.9999999,39746000000.0
1567977385.7311842,23463999999.999996,-1050999999.9999999,39746000000.0
1567977385.831119,23463999999.999996,-1050999999.9999999,39746000000.0
1567977385.9311898,23463999999.999996,-1050999999.9999999,39746000000.0
1567977386.0311866,23463999999.999996,-1050999999.9999999,39746000000.0
1567977386.1313212,23463999999.999996,-1050999999.9999999,39746000000.0
1567977386.2311347,23463999999.999996,-1050999999.9999999,39746000000.0
1567977386.3312573,23463999999.999996,-1050999999.9999999,39746000000.0
1567977386.4312065,23463999999.999996,-1050999999.9999999,39746000000.0
1567977386.531121,23463999999.999996,-1050999999.9999999,39746000000.0
1567977386.63121,23463999999.999996,-1050999999.9999999,39746000000.0
1567977386.7311382,23463999999.999996,-1050999999.9999999,39746000000.0
1567977386.8312364,23463999999.999996,-1050999999.9999999,39746000000.0
1567977386.931361,23463999999.999996,-1050999999.9999999,39746000000.0
1567977387.0312736,23463999999.999996,-1050999999.9999999,39746000000.0
1567977387.1311953,23463999999.999996,-1050999999.9999999,39746000000.0
1567977387.2311625,23463999999.999996,-1050999999.9999999,39746000000.0
1567977387.331107,23463999999.999996,-1050999999.9999999,39746000000.0
1567977387.431193,23463999999.999996,-1050999999.9999999,39746000000.0
1567977387.5312862,23463999999.999996,-1050999999.9999999,39746000000.0
1567977387.6312041,23463999999.999996,-1050999999.9999999,39746000000.0
1567977387.731201,23463999999.999996,-1050999999.9999999,39746000000.0
1567977387.8311841,23463999999.999996,-1050999999.9999999,39746000000.0
1567977387.9311233,23463999999.999996,-1050999999.9999999,39746000000.0
1567977388.0311804,23463999999.999996,-1050999999.9999999,39746000000.0
1567977388.1311169,23463999999.999996,-1050999999.9999999,39746000000.0
1567977388.231129,23463999999.999996,-1050999999.9999999,39746000000.0
1567977388.331252,23463999999.999996,-1050999999.9999999,39746000000.0
1567977388.4313178,23463999999.999996,-1050999999.9999999,39746000000.0
1567977388.5313587,23463999999.999996,-1050999999.9999999,39746000000.0
1567977388.631234,23463999999.999996,-1050999999.9999999,39746000000.0
1567977388.731203,23463999999.999996,-1050999999.9999999,39746000000.0
1567977388.8311977,23463999999.999996,-1050999999.9999999,39746000000.0
1567977388.9311733,23463999999.999996,-1050999999.9999999,39746000000.0
1567977389.031218,23463999999.999996,-1050999999.9999999,39746000000.0
1567977389.1311023,23463999999.999996,-1050999999.9999999,39746000000.0
1567977389.2313278,23463999999.999996,-1050999999.9999999,39746000000.0
1567977389.3311014,23463999999.999996,-1050999999.9999999,39746000000.0
1567977389.431199,23463999999.999996,-1050999999.9999999,39746000000.0
1567977389.5311224,23463999999.999996,-1050999999.9999999,39746000000.0
1567977389.6312313,23463999999.999996,-1050999999.9999999,39746000000.0
1567977389.7311075,23463999999.999996,-1050999999.9999999,39746000000.0
1567977389.8313472,23463999999.999996,-1050999999.9999999,39746000000.0
1567977389.9312263,23463999999.999996,-1050999999.9999999,39746000000.0
1567977390.0311155,23463999999.999996,-1050999999.9999999,39746000000.0
1567977390.1312654,23463999999.999996,-1050999999.9999999,39746000000.0
1567977390.2311554,23463999999.999996,-1050999999.9999999,39746000000.0
1567977390.3312583,23463999999.999996,-1050999999.9999999,39746000000.0
1567977390.4312255,23463999999.999996,-1050999999.9999999,39746000000.0
1567977390.5313401,23463999999.999996,-1050999999.9999999,39746000000.0
1567977390.631338,23463999999.999996,-1050999999.9999999,39746000000.0
1567977390.7312353,23463999999.999996,-1050999999.9999999,39746000000.0
1567977390.8311713,23463999999.999996,-1050999999.9999999,39746000000.0
1567977390.9311018,23463999999.999996,-1050999999.9999999,39746000000.0
1567977391.0311234,23463999999.999996,-1050999999.9999999,39746000000.0
1567977391.131142,23463999999.999996,-1050999999.9999999,39746000000.0
1567977391.2311833,23463999999.999996,-1050999999.9999999,39746000000.0
1567977391.3311152,23463999999.999996,-1050999999.9999999,39746000000.0
1567977391.4311755,23463999999.999996,-1050999999.9999999,39746000000.0
1567977391.5311759,23463999999.999996,-1050999999.9999999,39746000000.0
1567977391.6312344,23463999999.999996,-1050999999.9999999,39746000000.0
1567977391.7312787,23463999999.999996,-1050999999.9999999,39746000000.0
1567977391.8312206,23463999999.999996,-1050999999.9999999,39746000000.0
1567977391.9311595,23463999999.999996,-1050999999.9999999,39746000000.0
1567977392.0313199,23463999999.999996,-1050999999.9999999,39746000000.0
1567977392.1311166,23463999999.999996,-1050999999.9999999,39746000000.0
1567977392.2313561,23463999999.999996,-1050999999.9999999,39746000000.0
1567977392.3311563,23463999999.999996,-1050999999.9999999,39746000000.0
1567977392.4313548,23463999999.999996,-1050999999.9999999,39746000000.0
1567977392.53113,23463999999.999996,-1050999999.9999999,39746000000.0
1567977392.6311266,23463999999.999996,-1050999999.9999999,39746000000.0
1567977392.731344,23463999999.999996,-1050999999.9999999,39746000000.0
1567977392.8313448,23463999999.999996,-1050999999.9999999,39746000000.0
1567977392.9311633,23463999999.999996,-1050999999.9999999,39746000000.0
1567977393.0311794,23463999999.999996,-1050999999.9999999,39746000000.0
1567977393.1312017,23463999999.999996,-1050999999.9999999,39746000000.0
1567977393.2311306,23463999999.999996,-1050999999.9999999,39746000000.0
1567977393.33113,23463999999.999996,-1050999999.9999999,39746000000.0
1567977393.4312112,23463999999.999996,-1050999999.9999999,39746000000.0
1567977393.5313044,23463999999.999996,-1050999999.9999999,39746000000.0
1567977393.6312106,23463999999.999996,-1050999999.9999999,39746000000.0
1567977393.7311382,23463999999.999996,-1050999999.9999999,39746000000.0
1567977393.8311648,23463999999.999996,-1050999999.9999999,39746000000.0
1567977393.9313507,23463999999.999996,-1050999999.9999999,39746000000.0
1567977394.0312257,23463999999.999996,-1050999999.9999999,39746000000.0
1567977394.1312091,23463999999.999996,-1050999999.9999999,39746000000.0
1567977394.2311513,23463999999.999996,-1050999999.9999999,39746000000.0
1567977394.3314292,23463999999.999996,-1050999999.9999999,39746000000.0
1567977394.43133,23463999999.999996,-1050999999.9999999,39746000000.0
1567977394.5311556,23463999999.999996,-1050999999.9999999,39746000000.0
1567977394.6311886,23463999999.999996,-1050999999.9999999,39746000000.0
1567977394.7313375,23463999999.999996,-1050999999.9999999,39746000000.0
1567977394.8312824,23463999999.999996,-1050999999.9999999,39746000000.0
1567977394.9313116,23463999999.999996,-1050999999.9999999,39746000000.0
1567977395.0313158,23463999999.999996,-1050999999.9999999,39746000000.0
1567977395.1313152,23463999999.999996,-1050999999.9999999,39746000000.0
1567977395.2311008,23463999999.999996,-1050999999.9999999,39746000000.0
1567977395.3312075,23463999999.999996,-1050999999.9999999,39746000000.0
1567977395.4311337,23463999999.999996,-1050999999.9999999,39746000000.0
1567977395.5311007,23463999999.999996,-1050999999.9999999,39746000000.0
1567977395.6312592,23463999999.999996,-1050999999.9999999,39746000000.0
1567977395.7311563,23463999999.999996,-1050999999.9999999,39746000000.0
1567977395.8312054,23463999999.999996,-1050999999.9999999,39746000000.0
1567977395.9311383,23463999999.999996,-1050999999.9999999,39746000000.0
1567977396.031117,23463999999.999996,-1050999999.9999999,39746000000.0
1567977396.1312625,23463999999.999996,-1050999999.9999999,39746000000.0
1567977396.2311974,23463999999.999996,-1050999999.9999999,39746000000.0
1567977396.33123,23463999999.999996,-1050999999.9999999,39746000000.0
1567977396.431255,23463999999.999996,-1050999999.9999999,39746000000.0
1567977396.53127,23463999999.999996,-1050999999.9999999,39746000000.0
1567977396.6311371,23463999999.999996,-1050999999.9999999,39746000000.0
1567977396.7311535,23463999999.999996,-1050999999.9999999,39746000000.0
1567977396.8312213,23463999999.999996,-1050999999.9999999,39746000000.0
1567977396.931214,23463999999.999996,-1050999999.9999999,39746000000.0
1567977397.0312457,23463999999.999996,-1050999999.9999999,39746000000.0
1567977397.1313338,23463999999.999996,-1050999999.9999999,39746000000.0
1567977397.2311964,23463999999.999996,-1050999999.9999999,39746000000.0
1567977397.3311152,23463999999.999996,-1050999999.9999999,39746000000.0
1567977397.4311154,23463999999.999996,-1050999999.9999999,39746000000.0
1567977397.5311694,23463999999.999996,-1050999999.9999999,39746000000.0
1567977397.631326,23463999999.999996,-1050999999.9999999,39746000000.0
1567977397.7312696,23463999999.999996,-1050999999.9999999,39746000000.0
1567977397.8311458,23463999999.999996,-1050999999.9999999,39746000000.0
1567977397.9311872,23463999999.999996,-1050999999.9999999,39746000000.0
1567977398.0313287,23463999999.999996,-1050999999.9999999,39746000000.0
1567977398.1311579,23463999999.999996,-1050999999.9999999,39746000000.0
1567977398.2313175,23463999999.999996,-1050999999.9999999,39746000000.0
1567977398.3312461,23463999999.999996,-1050999999.9999999,39746000000.0
1567977398.4311955,23463999999.999996,-1050999999.9999999,39746000000.0
1567977398.5311153,23463999999.999996,-1050999999.9999999,39746000000.0
1567977398.6311362,23463999999.999996,-1050999999.9999999,39746000000.0
1567977398.7312963,23463999999.999996,-1050999999.9999999,39746000000.0
1567977398.8313222,23463999999.999996,-1050999999.9999999,39746000000.0
1567977398.931124,23463999999.999996,-1050999999.9999999,39746000000.0
1567977399.0312889,23463999999.999996,-1050999999.9999999,39746000000.0
1567977399.1311855,23463999999.999996,-1050999999.9999999,39746000000.0
1567977399.2312453,23463999999.999996,-1050999999.9999999,39746000000.0
1567977399.3312619,23463999999.999996,-1050999999.9999999,39746000000.0
1567977399.4311006,23463999999.999996,-1050999999.9999999,39746000000.0
1567977399.5311859,23463999999.999996,-1050999999.9999999,39746000000.0
1567977399.6311338,23463999999.999996,-1050999999.9999999,39746000000.0
1567977399.7312317,23463999999.999996,-1050999999.9999999,39746000000.0
1567977399.831115,23463999999.999996,-1050999999.9999999,39746000000.0
1567977399.931176,23463999999.999996,-1050999999.9999999,39746000000.0
1567977400.0312848,23463999999.999996,-1050999999.9999999,39746000000.0
1567977400.1313486,23463999999.999996,-1050999999.9999999,39746000000.0
1567977400.2312233,23463999999.999996,-1050999999.9999999,39746000000.0
1567977400.3312302,23463999999.999996,-1050999999.9999999,39746000000.0
1567977400.4312787,23463999999.999996,-1050999999.9999999,39746000000.0
1567977400.5312104,23463999999.999996,-1050999999.9999999,39746000000.0
1567977400.6312068,23463999999.999996,-1050999999.9999999,39746000000.0
1567977400.73123,23463999999.999996,-1050999999.9999999,39746000000.0
1567977400.8311138,23463999999.999996,-1050999999.9999999,39746000000.0
1567977400.93127,23463999999.999996,-1050999999.9999999,39746000000.0
1567977401.031294,23463999999.999996,-1050999999.9999999,39746000000.0
1567977401.131134,23463999999.999996,-1050999999.9999999,39746000000.0
1567977401.2312083,23463999999.999996,-1050999999.9999999,39746000000.0
1567977401.3311672,23463999999.999996,-1050999999.9999999,39746000000.0
1567977401.4312248,23463999999.999996,-1050999999.9999999,39746000000.0
1567977401.5311775,23463999999.999996,-1050999999.9999999,39746000000.0
1567977401.631143,23463999999.999996,-1050999999.9999999,39746000000.0
1567977401.7312262,23463999999.999996,-1050999999.9999999,39746000000.0
1567977401.831247,23463999999.999996,-1050999999.9999999,39746000000.0
1567977401.9313447,23463999999.999996,-1050999999.9999999,39746000000.0
1567977402.0311358,23463999999.999996,-1050999999.9999999,39746000000.0
1567977402.1312664,23463999999.999996,-1050999999.9999999,39746000000.0
1567977402.2311985,23463999999.999996,-1050999999.9999999,39746000000.0
1567977402.3312178,23463999999.999996,-1050999999.9999999,39746000000.0
1567977402.4311528,23463999999.999996,-1050999999.9999999,39746000000.0
1567977402.531129,23463999999.999996,-1050999999.9999999,39746000000.0
1567977402.631291,23463999999.999996,-1050999999.9999999,39746000000.0
1567977402.7311764,23463999999.999996,-1050999999.9999999,39746000000.0
1567977402.831216,23463999999.999996,-1050999999.9999999,39746000000.0
1567977402.931142,23463999999.999996,-1050999999.9999999,39746000000.0
1567977403.0313525,23463999999.999996,-1050999999.9999999,39746000000.0
1567977403.1312165,23463999999.999996,-1050999999.9999999,39746000000.0
1567977403.2311106,23463999999.999996,-1050999999.9999999,39746000000.0
1567977403.331166,23463999999.999996,-1050999999.9999999,39746000000.0
1567977403.4311597,23463999999.999996,-1050999999.9999999,39746000000.0
1567977403.5311105,23463999999.999996,-1050999999.9999999,39746000000.0
1567977403.631153,23463999999.999996,-1050999999.9999999,39746000000.0
1567977403.7311976,23463999999.999996,-1050999999.9999999,39746000000.0
1567977403.8311794,23463999999.999996,-1050999999.9999999,39746000000.0
1567977403.931209,23463999999.999996,-1050999999.9999999,39746000000.0
1567977404.0311937,23463999999.999996,-1050999999.9999999,39746000000.0
1567977404.1311488,23463999999.999996,-1050999999.9999999,39746000000.0
1567977404.2312586,23463999999.999996,-1050999999.9999999,39746000000.0
1567977404.3311882,23463999999.999996,-1050999999.9999999,39746000000.0
1567977404.4311993,23463999999.999996,-1050999999.9999999,39746000000.0
1567977404.531258,23463999999.999996,-1050999999.9999999,39746000000.0
1567977404.6312864,23463999999.999996,-1050999999.9999999,39746000000.0
1567977404.7311292,23463999999.999996,-1050999999.9999999,39746000000.0
