time,yaw,pitch,roll
1567977298.7311068,4.365594889732501,0.0,0.0
1567977298.831153,4.3649034822539114,0.0,0.0
1567977298.9313328,4.364205898601412,0.0,0.0
1567977299.0311046,4.363612635726524,0.0,0.0
1567977299.1312094,4.363053333507025,0.0,0.0
1567977299.2312875,4.36253324662615,0.0,0.0
1567977299.3311083,4.361896399989963,0.0,0.0
1567977299.4313014,4.361461934663696,0.0,0.0
1567977299.5312715,4.36115933696783,0.0,0.0
1567977299.6311655,4.360810085014245,0.0,0.0
1567977299.731352,4.360409415997864,0.0,0.0
1567977299.8312855,4.359972549791841,0.0,0.0
1567977299.9311283,4.359597543593184,0.0,0.0
1567977300.031236,4.359130689554954,0.0,0.0
1567977300.131123,4.358744241088871,0.0,0.0
1567977300.2311075,4.358006512188744,0.0,0.0
1567977300.3311672,4.357325551818999,0.0,0.0
1567977300.4311764,4.35677093019871,0.0,0.0
1567977300.5311205,4.356201950753233,0.0,0.0
1567977300.6311808,4.355674842295672,0.0,0.0
1567977300.731261,4.355124381749093,0.0,0.0
1567977300.8311703,4.354776970561673,0.0,0.0
1567977300.9312623,4.354502043542221,0.0,0.0
1567977301.0311325,4.354144302849004,0.0,0.0
1567977301.1311471,4.353756654260291,0.0,0.0
1567977301.2312422,4.353343499910107,0.0,0.0
1567977301.331165,4.35293420569354,0.0,0.0
1567977301.4312172,4.352402168908599,0.0,0.0
1567977301.5312178,4.3517629657896855,0.0,0.0
1567977301.6311543,4.351147632156316,0.0,0.0
1567977301.7312062,4.3505733593011655,0.0,0.0
1567977301.8311007,4.350028548577701,0.0,0.0
1567977301.9311914,4.349490116000567,0.0,0.0
1567977302.0312185,4.349031320709308,0.0,0.0
1567977302.1312726,4.348680106906883,0.0,0.0
1567977302.2311895,4.3483531389850185,0.0,0.0
1567977302.3312778,4.347997624706247,0.0,0.0
1567977302.4313486,4.347611478118353,0.0,0.0
1567977302.531294,4.347212377356389,0.0,0.0
1567977302.6311417,4.346760838233335,0.0,0.0
1567977302.7311785,4.346215805871104,0.0,0.0
1567977302.83118,4.345619810914531,0.0,0.0
1567977302.9312499,4.345030398515828,0.0,0.0
1567977303.0311105,4.344469547841127,0.0,0.0
1567977303.1312873,4.343925852580442,0.0,0.0
1567977303.2311215,4.343423243000959,0.0,0.0
1567977303.3312273,4.342996921987236,0.0,0.0
1567977303.4312496,4.342635449331562,0.0,0.0
1567977303.5311944,4.342290340179263,0.0,0.0
1567977303.6312509,4.3419277703711305,0.0,0.0
1567977303.7311845,4.341546903628803,0.0,0.0
1567977303.831119,4.34113444552986,0.0,0.0
1567977303.931195,4.3406600260909425,0.0,0.0
1567977304.0312376,4.34011968919339,0.0,0.0
1567977304.1312046,4.339546855320739,0.0,0.0
1567977304.2313018,4.338977052784202,0.0,0.0
1567977304.3312097,4.338424676092519,0.0,0.0
1567977304.4312434,4.337898261734601,0.0,0.0
1567977304.5312667,4.337422691745427,0.0,0.0
1567977304.631209,4.337010664680104,0.0,0.0
1567977304.7313187,4.3366422646241,0.0,0.0
1567977304.8311477,4.336286353344715,0.0,0.0
1567977304.9312239,4.335919711076176,0.0,0.0
1567977305.0312347,4.33553210131938,0.0,0.0
1567977305.131172,4.335104287402476,0.0,0.0
1567977305.231286,4.334618858387408,0.0,0.0
1567977305.331156,4.334085634722435,0.0,0.0
1567977305.4312038,4.333527770675342,0.0,0.0
1567977305.5312238,4.332971390137985,0.0,0.0
1567977305.6311922,4.332431446763062,0.0,0.0
1567977305.731237,4.331923842717437,0.0,0.0
1567977305.8312192,4.331467068444233,0.0,0.0
1567977305.9311366,4.331061073744539,0.0,0.0
1567977306.03111,4.330688067253275,0.0,0.0
1567977306.1311846,4.330323901069841,0.0,0.0
1567977306.2311141,4.3299509582098334,0.0,0.0
1567977306.3312883,4.329551814636606,0.0,0.0
1567977306.431345,4.329110356369927,0.0,0.0
1567977306.5313368,4.328620119783739,0.0,0.0
1567977306.6311612,4.328092295725849,0.0,0.0
1567977306.7311375,4.327545927573311,0.0,0.0
1567977306.8313255,4.32699989829862,0.0,0.0
1567977306.9311867,4.326474692991631,0.0,0.0
1567977307.0313678,4.325983482729548,0.0,0.0
1567977307.1311076,4.325539807740032,0.0,0.0
1567977307.23117,4.32513580820229,0.0,0.0
1567977307.331251,4.324757551910148,0.0,0.0
1567977307.4311016,4.324387590724324,0.0,0.0
1567977307.531147,4.3240046319604755,0.0,0.0
1567977307.6310997,4.3235942564760315,0.0,0.0
1567977307.7311566,4.323142009390629,0.0,0.0
1567977307.8313482,4.322647728379453,0.0,0.0
1567977307.931278,4.322124177076812,0.0,0.0
1567977308.0312073,4.32158572683953,0.0,0.0
1567977308.1312587,4.321051170312327,0.0,0.0
1567977308.2311246,4.320538638014202,0.0,0.0
1567977308.3311133,4.3200612220558785,0.0,0.0
1567977308.4312594,4.31962416629564,0.0,0.0
1567977308.5312285,4.319221365255906,0.0,0.0
1567977308.631234,4.318838895181164,0.0,0.0
1567977308.7312253,4.31846000254022,0.0,0.0
1567977308.8312206,4.318066582510134,0.0,0.0
1567977308.9311762,4.317644030099359,0.0,0.0
1567977309.0311606,4.317183951354373,0.0,0.0
1567977309.1311572,4.316688090764043,0.0,0.0
1567977309.2313025,4.316166058993698,0.0,0.0
1567977309.3312132,4.315635037265615,0.0,0.0
1567977309.431217,4.315110596371735,0.0,0.0
1567977309.531274,4.314608644842512,0.0,0.0
1567977309.6311562,4.314140959141616,0.0,0.0
1567977309.731274,4.313707823206219,0.0,0.0
1567977309.831237,4.3133046966450195,0.0,0.0
1567977309.9311416,4.312917083567445,0.0,0.0
1567977310.0313556,4.312527930923157,0.0,0.0
1567977310.131246,4.312123986580243,0.0,0.0
1567977310.2313392,4.311690047594176,0.0,0.0
1567977310.331236,4.311223271185092,0.0,0.0
1567977310.431186,4.310724872944094,0.0,0.0
1567977310.5311944,4.310205253930237,0.0,0.0
1567977310.6312501,4.309679987171595,0.0,0.0
1567977310.7313433,4.309163431170308,0.0,0.0
1567977310.8311205,4.3086719141757595,0.0,0.0
1567977310.9313257,4.308208899582587,0.0,0.0
1567977311.031312,4.3077783710871,0.0,0.0
1567977311.1314747,4.307371668729143,0.0,0.0
1567977311.231648,4.306976260053567,0.0,0.0
1567977311.3313527,4.306579579852487,0.0,0.0
1567977311.4312248,4.306163634108797,0.0,0.0
1567977311.531225,4.30572065214227,0.0,0.0
1567977311.6313276,4.305246245510631,0.0,0.0
1567977311.7312257,4.304746012679047,0.0,0.0
1567977311.831197,4.304229098674195,0.0,0.0
1567977311.9312088,4.303707773923044,0.0,0.0
1567977312.0312517,4.3031980074948155,0.0,0.0
1567977312.131142,4.302711846831203,0.0,0.0
1567977312.2311206,4.302254029737249,0.0,0.0
1567977312.3311374,4.3018230681544996,0.0,0.0
1567977312.431112,4.301411924088557,0.0,0.0
1567977312.5312765,4.301008810836578,0.0,0.0
1567977312.6312532,4.300600807862494,0.0,0.0
1567977312.7312415,4.300173916727436,0.0,0.0
1567977312.83129,4.29972053547818,0.0,0.0
1567977312.931158,4.299240683539502,0.0,0.0
1567977313.0312493,4.298737044329641,0.0,0.0
1567977313.1311576,4.2982213492377035,0.0,0.0
1567977313.231216,4.297704012189744,0.0,0.0
1567977313.3311856,4.297199708621569,0.0,0.0
1567977313.4313457,4.296716891691148,0.0,0.0
1567977313.5311606,4.2962610179233724,0.0,0.0
1567977313.631145,4.295829228166648,0.0,0.0
1567977313.7312033,4.295744829852472,0.0,0.0
1567977313.831335,4.295159292128284,0.0,0.0
1567977313.9311965,4.294598058903903,0.0,0.0
1567977314.0313292,4.294143053645364,0.0,0.0
1567977314.1311448,4.2936791959912455,0.0,0.0
1567977314.2312326,4.293190128606341,0.0,0.0
1567977314.3312898,4.292468281680769,0.0,0.0
1567977314.4311895,4.2919601744884375,0.0,0.0
1567977314.531322,4.291577872282442,0.0,0.0
1567977314.631172,4.29113666531325,0.0,0.0
1567977314.7312677,4.290667398537083,0.0,0.0
1567977314.8312743,4.290213520248852,0.0,0.0
1567977314.9311864,4.2899169704881555,0.0,0.0
1567977315.0311294,4.289555797750538,0.0,0.0
1567977315.1311388,4.289055035089644,0.0,0.0
1567977315.2311506,4.2885457556524695,0.0,0.0
1567977315.3312058,4.288066591422474,0.0,0.0
1567977315.4311588,4.287587328263017,0.0,0.0
1567977315.531197,4.287001807088611,0.0,0.0
1567977315.631217,4.286407500262303,0.0,0.0
1567977315.7312868,4.285916216245575,0.0,0.0
1567977315.8313506,4.28547450330014,0.0,0.0
1567977315.9311094,4.28502179588051,0.0,0.0
1567977316.031112,4.284558826043655,0.0,0.0
1567977316.131242,4.284161987013762,0.0,0.0
1567977316.2311163,4.2838041902121695,0.0,0.0
1567977316.3313527,4.28338494937206,0.0,0.0
1567977316.431195,4.282903498657728,0.0,0.0
1567977316.5312483,4.2824081661619005,0.0,0.0
1567977316.6311727,4.281920303047368,0.0,0.0
1567977316.731176,4.281391975992888,0.0,0.0
1567977316.8311794,4.280817163666768,0.0,0.0
1567977316.9311724,4.280265910258773,0.0,0.0
1567977317.0311782,4.279770820289915,0.0,0.0
1567977317.131126,4.27930533588286,0.0,0.0
1567977317.2313569,4.278839650543363,0.0,0.0
1567977317.3311276,4.278399533526009,0.0,0.0
1567977317.4312458,4.277999419433227,0.0,0.0
1567977317.5311313,4.277600426915203,0.0,0.0
1567977317.6312356,4.277158281669557,0.0,0.0
1567977317.7311888,4.276678779625129,0.0,0.0
1567977317.8312185,4.27618661989753,0.0,0.0
1567977317.931269,4.275675599754791,0.0,0.0
1567977318.0312197,4.275130140788962,0.0,0.0
1567977318.1311102,4.274569466398866,0.0,0.0
1567977318.2314105,4.274030811393455,0.0,0.0
1567977318.331164,4.273530894692115,0.0,0.0
1567977318.4311109,4.2730501738322175,0.0,0.0
1567977318.5311477,4.272585494590867,0.0,0.0
1567977318.6311405,4.272148541185977,0.0,0.0
1567977318.7311275,4.271732021668726,0.0,0.0
1567977318.8313458,4.2713057327721415,0.0,0.0
1567977318.931186,4.270849253852049,0.0,0.0
1567977319.031219,4.270365634081152,0.0,0.0
1567977319.1313574,4.2698624899968465,0.0,0.0
1567977319.2312531,4.269335675318423,0.0,0.0
1567977319.331288,4.268784230734742,0.0,0.0
1567977319.4311268,4.268231012449318,0.0,0.0
1567977319.5312421,4.267696117710649,0.0,0.0
1567977319.6312122,4.267187684345622,0.0,0.0
1567977319.7311397,4.266700258429658,0.0,0.0
1567977319.8311632,4.266233532399493,0.0,0.0
1567977319.9312997,4.265789177971886,0.0,0.0
1567977320.0311484,4.26535489658462,0.0,0.0
1567977320.131138,4.264908892479841,0.0,0.0
1567977320.2311766,4.2644391140080025,0.0,0.0
1567977320.3312862,4.263945258290443,0.0,0.0
1567977320.4313028,4.2634295857385975,0.0,0.0
1567977320.531132,4.2628917526577865,0.0,0.0
1567977320.6312585,4.262336339403685,0.0,0.0
1567977320.7311053,4.261784039158194,0.0,0.0
1567977320.831126,4.261247399107356,0.0,0.0
1567977320.9312806,4.260731720660123,0.0,0.0
1567977321.0312755,4.26023781832812,0.0,0.0
1567977321.1311367,4.259765147004817,0.0,0.0
1567977321.2313602,4.259308628391217,0.0,0.0
1567977321.3312652,4.258856886371014,0.0,0.0
1567977321.4311702,4.2583937817687385,0.0,0.0
1567977321.5311792,4.2579105790677865,0.0,0.0
1567977321.631261,4.257404465630032,0.0,0.0
1567977321.7311249,4.256876674207573,0.0,0.0
1567977321.8313577,4.256327288680598,0.0,0.0
1567977321.931353,4.255768260313877,0.0,0.0
1567977322.0312014,4.255213082248224,0.0,0.0
1567977322.1311126,4.2546717546517545,0.0,0.0
1567977322.2313101,4.25414848436214,0.0,0.0
1567977322.3312454,4.253646781612719,0.0,0.0
1567977322.4312568,4.253164631919345,0.0,0.0
1567977322.5311666,4.252695472877054,0.0,0.0
1567977322.6311932,4.252225939136416,0.0,0.0
1567977322.7313006,4.251745061945405,0.0,0.0
1567977322.8312886,4.251247283386206,0.0,0.0
1567977322.931343,4.250727601361216,0.0,0.0
1567977323.031356,4.250186369167661,0.0,0.0
1567977323.1311948,4.249628796591097,0.0,0.0
1567977323.231139,4.249063817975053,0.0,0.0
1567977323.331148,4.248503050293218,0.0,0.0
1567977323.4311683,4.24795442082484,0.0,0.0
1567977323.5311458,4.247423726618745,0.0,0.0
1567977323.6312127,4.246912094275386,0.0,0.0
1567977323.7312305,4.24641716330415,0.0,0.0
1567977323.8311493,4.245931927199983,0.0,0.0
1567977323.931269,4.245444603732139,0.0,0.0
1567977324.031241,4.244947728660906,0.0,0.0
1567977324.1312604,4.244433569229077,0.0,0.0
1567977324.231288,4.243899291836085,0.0,0.0
1567977324.3313408,4.24334547205472,0.0,0.0
1567977324.4313557,4.242777387619764,0.0,0.0
1567977324.5311544,4.242205741412835,0.0,0.0
1567977324.631178,4.241636737634501,0.0,0.0
1567977324.7312634,4.241079119327896,0.0,0.0
1567977324.8313503,4.24053799665489,0.0,0.0
1567977324.931139,4.240015917897656,0.0,0.0
1567977325.0311508,4.239506887639742,0.0,0.0
1567977325.1313007,4.239003106528212,0.0,0.0
1567977325.2311985,4.238498949460784,0.0,0.0
1567977325.3311677,4.237984824644855,0.0,0.0
1567977325.4311068,4.237454852834336,0.0,0.0
1567977325.5312119,4.236904188646097,0.0,0.0
1567977325.631125,4.236337310604863,0.0,0.0
1567977325.7311568,4.235759004967029,0.0,0.0
1567977325.8312643,4.235175726617948,0.0,0.0
1567977325.9311936,4.234597079230905,0.0,0.0
1567977326.0311365,4.234029035944909,0.0,0.0
1567977326.1312318,4.233476275236413,0.0,0.0
1567977326.2311814,4.232939659885105,0.0,0.0
1567977326.3313067,4.232413355443084,0.0,0.0
1567977326.4312704,4.23189346448544,0.0,0.0
1567977326.5311143,4.231371476022193,0.0,0.0
1567977326.6312888,4.230837828916556,0.0,0.0
1567977326.731275,4.230289880698397,0.0,0.0
1567977326.8311357,4.22972489144626,0.0,0.0
1567977326.9311852,4.229144001312445,0.0,0.0
1567977327.03122,4.228552486482842,0.0,0.0
1567977327.1312265,4.227957158817102,0.0,0.0
1567977327.231343,4.227366075639168,0.0,0.0
1567977327.33124,4.226786411424703,0.0,0.0
1567977327.4313061,4.226218996899773,0.0,0.0
1567977327.531348,4.225665425017269,0.0,0.0
1567977327.6313455,4.225122388279328,0.0,0.0
1567977327.731188,4.224584537429877,0.0,0.0
1567977327.831267,4.2240423402411125,0.0,0.0
1567977327.9312634,4.223490080841179,0.0,0.0
1567977328.031313,4.222923587924946,0.0,0.0
1567977328.131129,4.222342830084241,0.0,0.0
1567977328.2312706,4.221745823905364,0.0,0.0
1567977328.3311357,4.2211403357317945,0.0,0.0
1567977328.4312007,4.220531150764927,0.0,0.0
1567977328.5312247,4.219926665719651,0.0,0.0
1567977328.6312613,4.219331506816626,0.0,0.0
1567977328.7312574,4.218747792288394,0.0,0.0
1567977328.8313544,4.218176228169476,0.0,0.0
1567977328.9311528,4.217615139469164,0.0,0.0
1567977329.0311234,4.217056462675977,0.0,0.0
1567977329.131149,4.216493819405441,0.0,0.0
1567977329.231268,4.215921030095256,0.0,0.0
1567977329.3311925,4.2153364061193574,0.0,0.0
1567977329.4312298,4.2147366437003235,0.0,0.0
1567977329.5311096,4.214123925456931,0.0,0.0
1567977329.6313257,4.2135004657021735,0.0,0.0
1567977329.7312922,4.212876499018378,0.0,0.0
1567977329.8311863,4.212257194915896,0.0,0.0
1567977329.9311757,4.211645028110276,0.0,0.0
1567977330.0311852,4.211043409272234,0.0,0.0
1567977330.1312776,4.210451977404025,0.0,0.0
1567977330.2313561,4.209869458933941,0.0,0.0
1567977330.3312194,4.209290078423976,0.0,0.0
1567977330.4313073,4.208704566292134,0.0,0.0
1567977330.607827,4.207651986609697,0.0,0.0
1567977330.631143,4.2075115746622895,0.0,0.0
1567977330.7311363,4.206895167752862,0.0,0.0
1567977330.831146,4.206264197115157,0.0,0.0
1567977330.9312084,4.205624284797482,0.0,0.0
1567977331.0311155,4.204982942584532,0.0,0.0
1567977331.131135,4.203990843559637,0.0,0.0
1567977331.2311184,4.20350076422341,0.0,0.0
1567977331.3312602,4.203049978562955,0.0,0.0
1567977331.431225,4.202466072577282,0.0,0.0
1567977331.5312352,4.201865516820174,0.0,0.0
1567977331.6312363,4.201263249898158,0.0,0.0
1567977331.7312686,4.200865276619064,0.0,0.0
1567977331.8313258,4.200290047205195,0.0,0.0
1567977331.9312894,4.199534598391356,0.0,0.0
1567977332.0311086,4.198816099856977,0.0,0.0
1567977332.1311157,4.1981427261232085,0.0,0.0
1567977332.2311733,4.197478738077997,0.0,0.0
1567977332.331235,4.196692912797097,0.0,0.0
1567977332.4311748,4.195936978055347,0.0,0.0
1567977332.5311356,4.195333053406269,0.0,0.0
1567977332.631349,4.194774291340394,0.0,0.0
1567977332.7311366,4.19418690538914,0.0,0.0
1567977332.8312614,4.193572377648525,0.0,0.0
1567977332.931105,4.193021333926833,0.0,0.0
1567977333.0312707,4.192489910978038,0.0,0.0
1567977333.1312175,4.191864519191947,0.0,0.0
1567977333.231265,4.191154915938746,0.0,0.0
1567977333.331343,4.190433160350889,0.0,0.0
1567977333.4311068,4.18973164795683,0.0,0.0
1567977333.5312216,4.1889974890786945,0.0,0.0
1567977333.6311262,4.188228637571033,0.0,0.0
1567977333.7313893,4.187496843019343,0.0,0.0
1567977333.8312683,4.186844202848162,0.0,0.0
1567977333.9312134,4.1862295183074565,0.0,0.0
1567977334.0313327,4.185608644312978,0.0,0.0
1567977334.1311011,4.184999581946119,0.0,0.0
1567977334.2311475,4.184415971482551,0.0,0.0
1567977334.331252,4.183821502963935,0.0,0.0
1567977334.4312088,4.183168179648053,0.0,0.0
1567977334.5312717,4.182458699415356,0.0,0.0
1567977334.63132,4.181730312306696,0.0,0.0
1567977334.731157,4.180991687193178,0.0,0.0
1567977334.831111,4.180229053434282,0.0,0.0
1567977334.9312162,4.179457162848626,0.0,0.0
1567977335.031191,4.178717644460699,0.0,0.0
1567977335.131157,4.178027315063954,0.0,0.0
1567977335.231321,4.17736634043656,0.0,0.0
1567977335.3311083,4.176720664071047,0.0,0.0
1567977335.4313154,4.176087629567622,0.0,0.0
1567977335.5312884,4.175467126639983,0.0,0.0
1567977335.631235,4.174829757447821,0.0,0.0
1567977335.7311466,4.174150218019454,0.0,0.0
1567977335.831128,4.17343006933614,0.0,0.0
1567977335.9311724,4.172682605164759,0.0,0.0
1567977336.031239,4.171915453319238,0.0,0.0
1567977336.1311204,4.1711321516276065,0.0,0.0
1567977336.2312956,4.170345761421396,0.0,0.0
1567977336.3311908,4.169585660571389,0.0,0.0
1567977336.4311972,4.168859175382998,0.0,0.0
1567977336.5311058,4.168162009319609,0.0,0.0
1567977336.63132,4.167482614852684,0.0,0.0
1567977336.731324,4.1668190520274475,0.0,0.0
1567977336.8311317,4.166161993166533,0.0,0.0
1567977336.9311643,4.165487214162312,0.0,0.0
1567977337.0311298,4.164781011853904,0.0,0.0
1567977337.131116,4.164040134299357,0.0,0.0
1567977337.2311795,4.163271065751395,0.0,0.0
1567977337.331129,4.1624805523942925,0.0,0.0
1567977337.4313035,4.161672365718596,0.0,0.0
1567977337.5311801,4.160867658674222,0.0,0.0
1567977337.6313016,4.160079224960402,0.0,0.0
1567977337.7312565,4.159319005711632,0.0,0.0
1567977337.831122,4.158585390507094,0.0,0.0
1567977337.931173,4.157870808360489,0.0,0.0
1567977338.0312471,4.1571717021997365,0.0,0.0
1567977338.131142,4.15647595086503,0.0,0.0
1567977338.2312758,4.155765495046808,0.0,0.0
1567977338.331349,4.155029543697772,0.0,0.0
1567977338.431325,4.154263666183001,0.0,0.0
1567977338.5311365,4.1534719907441975,0.0,0.0
1567977338.631237,4.1526553494342,0.0,0.0
1567977338.7311134,4.1518261311913385,0.0,0.0
1567977338.831108,4.150995997884241,0.0,0.0
1567977338.9311318,4.150179145050664,0.0,0.0
1567977339.031122,4.149384094937657,0.0,0.0
1567977339.1312864,4.148609766509622,0.0,0.0
1567977339.2311442,4.147858499695177,0.0,0.0
1567977339.3313277,4.147118459562886,0.0,0.0
1567977339.4313338,4.146382436017337,0.0,0.0
1567977339.5312593,4.145637869032825,0.0,0.0
1567977339.6311865,4.14528954979788,0.0,0.0
1567977339.7312465,4.144367511686664,0.0,0.0
1567977339.8312342,4.143316559411957,0.0,0.0
1567977339.9313135,4.142422356072846,0.0,0.0
1567977340.0312436,4.141556852660914,0.0,0.0
1567977340.131136,4.140696048392597,0.0,0.0
1567977340.2312758,4.139618482197413,0.0,0.0
1567977340.3311296,4.139258725525279,0.0,0.0
1567977340.4311543,4.138414870740135,0.0,0.0
1567977340.531102,4.137425455669614,0.0,0.0
1567977340.631347,4.136614469583666,0.0,0.0
1567977340.731147,4.135836482837295,0.0,0.0
1567977340.8311696,4.135172782133939,0.0,0.0
1567977340.9311872,4.134206141502396,0.0,0.0
1567977341.031234,4.133237689311899,0.0,0.0
1567977341.1311119,4.1324687459181035,0.0,0.0
1567977341.231191,4.13168369436365,0.0,0.0
1567977341.331118,4.130828607785979,0.0,0.0
1567977341.4311368,4.1298830603811485,0.0,0.0
1567977341.5311224,4.129042889182514,0.0,0.0
1567977341.6313162,4.128301130328282,0.0,0.0
1567977341.7312164,4.127476070965342,0.0,0.0
1567977341.8311126,4.126584700097407,0.0,0.0
1567977341.9311895,4.126204968144,0.0,0.0
1567977342.0311933,4.12526335862457,0.0,0.0
1567977342.13128,4.124156147963717,0.0,0.0
1567977342.2311423,4.1231746240337515,0.0,0.0
1567977342.331108,4.122237655211425,0.0,0.0
1567977342.4313273,4.12135975881662,0.0,0.0
1567977342.5312355,4.120243594800549,0.0,0.0
1567977342.6313045,4.119223646689079,0.0,0.0
1567977342.731154,4.118454868261757,0.0,0.0
1567977342.831206,4.117718976172348,0.0,0.0
1567977342.9313388,4.116929815771202,0.0,0.0
1567977343.031185,4.116083536026981,0.0,0.0
1567977343.1311862,4.115324593409049,0.0,0.0
1567977343.2311094,4.114597222280089,0.0,0.0
1567977343.3311014,4.113720721652921,0.0,0.0
1567977343.4311426,4.1127214114317105,0.0,0.0
1567977343.531206,4.11170652976509,0.0,0.0
1567977343.6311922,4.110727590583524,0.0,0.0
1567977343.7311077,4.109723398125681,0.0,0.0
1567977343.8312452,4.108665917434916,0.0,0.0
1567977343.9311886,4.107659820458348,0.0,0.0
1567977344.031158,4.106761301545086,0.0,0.0
1567977344.131102,4.105924673017979,0.0,0.0
1567977344.2312129,4.105082624821968,0.0,0.0
1567977344.331189,4.104238908280532,0.0,0.0
1567977344.4311795,4.103423213584996,0.0,0.0
1567977344.5313075,4.1025975388826375,0.0,0.0
1567977344.6311853,4.101700621412077,0.0,0.0
1567977344.7312033,4.100720987242289,0.0,0.0
1567977344.831364,4.099701618266742,0.0,0.0
1567977344.9312935,4.098672672155455,0.0,0.0
1567977345.0312133,4.097622352245679,0.0,0.0
1567977345.1311934,4.09655805633545,0.0,0.0
1567977345.2311823,4.095522507993298,0.0,0.0
1567977345.3313346,4.0945468444493915,0.0,0.0
1567977345.4311442,4.093626276529768,0.0,0.0
1567977345.5311928,4.092726641151616,0.0,0.0
1567977345.631187,4.091841340336561,0.0,0.0
1567977345.7312336,4.090966805909481,0.0,0.0
1567977345.8312426,4.090080659642876,0.0,0.0
1567977345.9311142,4.089151564889512,0.0,0.0
1567977346.0311902,4.088162061170454,0.0,0.0
1567977346.1312957,4.087128031609845,0.0,0.0
1567977346.2311943,4.086067421655878,0.0,0.0
1567977346.3312228,4.084983900513979,0.0,0.0
1567977346.4312603,4.083891965017438,0.0,0.0
1567977346.5311801,4.082817293961295,0.0,0.0
1567977346.6311169,4.081781385048014,0.0,0.0
1567977346.7311783,4.080786477912715,0.0,0.0
1567977346.8312507,4.0798218158653405,0.0,0.0
1567977346.9311886,4.078879258715176,0.0,0.0
1567977347.0311415,4.077947121740028,0.0,0.0
1567977347.1312244,4.077005782466628,0.0,0.0
1567977347.231196,4.0760356586594835,0.0,0.0
1567977347.331157,4.075023384809727,0.0,0.0
1567977347.4312756,4.073968262630341,0.0,0.0
1567977347.5312338,4.072880410475161,0.0,0.0
1567977347.6311405,4.071767951769619,0.0,0.0
1567977347.7311513,4.070643635703863,0.0,0.0
1567977347.8311863,4.069526450628121,0.0,0.0
1567977347.9311476,4.068433762592994,0.0,0.0
1567977348.0313299,4.067370860975853,0.0,0.0
1567977348.131121,4.066341907373765,0.0,0.0
1567977348.231146,4.065333527246047,0.0,0.0
1567977348.3313453,4.064336540492366,0.0,0.0
1567977348.4312284,4.063341049218195,0.0,0.0
1567977348.531296,4.0623250698339035,0.0,0.0
1567977348.6311862,4.061280643957765,0.0,0.0
1567977348.7312913,4.0601970116806605,0.0,0.0
1567977348.8313653,4.059079929699042,0.0,0.0
1567977348.9313576,4.057938351981829,0.0,0.0
1567977349.031131,4.056783015350355,0.0,0.0
1567977349.131161,4.055623438695367,0.0,0.0
1567977349.231224,4.0544756970881295,0.0,0.0
1567977349.3312318,4.053351743869115,0.0,0.0
1567977349.4311383,4.0522554001034266,0.0,0.0
1567977349.5312693,4.051178544987469,0.0,0.0
1567977349.631125,4.050118110122572,0.0,0.0
1567977349.7311468,4.049059990077511,0.0,0.0
1567977349.8311987,4.047993274329494,0.0,0.0
1567977349.9312208,4.046905508935662,0.0,0.0
1567977350.0311756,4.0457885098864015,0.0,0.0
1567977350.131136,4.04464157581484,0.0,0.0
1567977350.2311127,4.04346790862831,0.0,0.0
1567977350.3311052,4.042275445555159,0.0,0.0
1567977350.431253,4.041073123344219,0.0,0.0
1567977350.5311282,4.039877516609929,0.0,0.0
1567977350.6311858,4.038693353518102,0.0,0.0
1567977350.7312362,4.037528425072775,0.0,0.0
1567977350.8311307,4.036384892716885,0.0,0.0
1567977350.9312582,4.035254172909912,0.0,0.0
1567977351.031119,4.034134789967208,0.0,0.0
1567977351.131257,4.033008933591708,0.0,0.0
1567977351.231132,4.031872883852179,0.0,0.0
1567977351.3313353,4.030712308306143,0.0,0.0
1567977351.4313335,4.029528065982971,0.0,0.0
1567977351.5312018,4.02832087603516,0.0,0.0
1567977351.6311393,4.027091495085873,0.0,0.0
1567977351.7311082,4.025849322558743,0.0,0.0
1567977351.831202,4.024601922130049,0.0,0.0
1567977351.9311392,4.023362659648635,0.0,0.0
1567977352.03119,4.022134438355792,0.0,0.0
1567977352.1311026,4.020921837771397,0.0,0.0
1567977352.2311096,4.019721997398797,0.0,0.0
1567977352.331232,4.01853053326759,0.0,0.0
1567977352.4311159,4.0173448184373886,0.0,0.0
1567977352.5313132,4.01614849102338,0.0,0.0
1567977352.6311307,4.014942176388189,0.0,0.0
1567977352.731125,4.013714056423385,0.0,0.0
1567977352.8313472,4.012461762842197,0.0,0.0
1567977352.9311268,4.011195739276694,0.0,0.0
1567977353.03115,4.0099100256224,0.0,0.0
1567977353.1311762,4.008616001537515,0.0,0.0
1567977353.231125,4.0073211127539405,0.0,0.0
1567977353.3312635,4.006028810308521,0.0,0.0
1567977353.4312527,4.004749643259872,0.0,0.0
1567977353.531364,4.003478357519931,0.0,0.0
1567977353.6311836,4.002219529670029,0.0,0.0
1567977353.7312376,4.000963060731621,0.0,0.0
1567977353.8311322,3.9997069474628724,0.0,0.0
1567977353.9312255,3.998441078714521,0.0,0.0
1567977354.0311124,3.9971635137340833,0.0,0.0
1567977354.1313417,3.9958643993569467,0.0,0.0
1567977354.2310998,3.9945526933226603,0.0,0.0
1567977354.3312902,3.9932189981670483,0.0,0.0
1567977354.4311209,3.991877814647566,0.0,0.0
1567977354.5312617,3.9905260847391197,0.0,0.0
1567977354.631137,3.989176752645422,0.0,0.0
1567977354.731199,3.9878299631984646,0.0,0.0
1567977354.8312695,3.9864889916335287,0.0,0.0
1567977354.9311554,3.98515837577313,0.0,0.0
1567977355.0311387,3.983831390367893,0.0,0.0
1567977355.131262,3.982504265183442,0.0,0.0
1567977355.2311234,3.98117670704994,0.0,0.0
1567977355.3311963,3.9798373252833485,0.0,0.0
1567977355.4312346,3.978486238531344,0.0,0.0
1567977355.5312412,3.97711968613908,0.0,0.0
1567977355.6312344,3.975737651746279,0.0,0.0
1567977355.7311702,3.9743438988631077,0.0,0.0
1567977355.8311095,3.9729396481800343,0.0,0.0
1567977355.9311488,3.9715287372428527,0.0,0.0
1567977356.0311751,3.970117263766781,0.0,0.0
1567977356.131137,3.968708981874661,0.0,0.0
1567977356.2312915,3.967302202536249,0.0,0.0
1567977356.3311932,3.9659024126595988,0.0,0.0
1567977356.4312003,3.964502915081715,0.0,0.0
1567977356.5311415,3.963103760628787,0.0,0.0
1567977356.631195,3.9616983248098236,0.0,0.0
1567977356.731142,3.960285259806664,0.0,0.0
1567977356.8311806,3.9588599227657184,0.0,0.0
1567977356.9312136,3.9574212564178666,0.0,0.0
1567977357.031119,3.955971369995419,0.0,0.0
1567977357.1313386,3.9545054389292105,0.0,0.0
1567977357.4748397,3.9493907851221906,0.0,0.0
1567977357.5313199,3.948550562622499,0.0,0.0
1567977357.6312165,3.947072383680979,0.0,0.0
1567977357.7311664,3.945599651328269,0.0,0.0
1567977357.8312259,3.943535328866437,0.0,0.0
1567977357.9312892,3.940871271490515,0.0,0.0
1567977358.0313568,3.937976457491322,0.0,0.0
1567977358.131254,3.9372045728038536,0.0,0.0
1567977358.2313247,3.937054353402363,0.0,0.0
1567977358.3312547,3.9361264713981825,0.0,0.0
1567977358.4311602,3.9350470391151244,0.0,0.0
1567977358.531167,3.934274237857707,0.0,0.0
1567977358.631176,3.9338575351850906,0.0,0.0
1567977358.7311594,3.9328548099224943,0.0,0.0
1567977358.8312075,3.930883426314317,0.0,0.0
1567977358.931104,3.928668511219838,0.0,0.0
1567977359.0311387,3.926590207927191,0.0,0.0
1567977359.13132,3.924477242026704,0.0,0.0
1567977359.2311282,3.9221433827521555,0.0,0.0
1567977359.331193,3.9198373389593293,0.0,0.0
1567977359.4311836,3.9180279028142433,0.0,0.0
1567977359.5312004,3.916731224170201,0.0,0.0
1567977359.6313548,3.915611085189436,0.0,0.0
1567977359.7311583,3.9145072640220047,0.0,0.0
1567977359.8311357,3.9134733222321003,0.0,0.0
1567977359.9311929,3.912498378467074,0.0,0.0
1567977360.0312681,3.9113657884905724,0.0,0.0
1567977360.1311536,3.9098793081515417,0.0,0.0
1567977360.231277,3.9080640712139196,0.0,0.0
1567977360.331352,3.9060719204329093,0.0,0.0
1567977360.4312458,3.903981522772284,0.0,0.0
1567977360.5311337,3.901802127893802,0.0,0.0
1567977360.6311595,3.8996146804301706,0.0,0.0
1567977360.7312891,3.8975798110544364,0.0,0.0
1567977360.8311384,3.895804306350348,0.0,0.0
1567977360.931286,3.8942496419165735,0.0,0.0
1567977361.0313451,3.8928504818020944,0.0,0.0
1567977361.1312878,3.891559604037175,0.0,0.0
1567977361.2312214,3.8903256830809205,0.0,0.0
1567977361.331139,3.8890579835498666,0.0,0.0
1567977361.431204,3.887647061508595,0.0,0.0
1567977361.5311778,3.886042749766766,0.0,0.0
1567977361.6311831,3.8842528614035796,0.0,0.0
1567977361.7311032,3.8823141325383865,0.0,0.0
1567977361.8312113,3.880259673278289,0.0,0.0
1567977361.931286,3.8781465204216428,0.0,0.0
1567977362.03117,3.876059432059229,0.0,0.0
1567977362.1311371,3.8740715376041024,0.0,0.0
1567977362.2311363,3.8722233221850466,0.0,0.0
1567977362.3311927,3.8705107801774243,0.0,0.0
1567977362.431135,3.8689178950901706,0.0,0.0
1567977362.5311613,3.867410931254593,0.0,0.0
1567977362.6312525,3.865935915464739,0.0,0.0
1567977362.7311258,3.864431269768284,0.0,0.0
1567977362.8311408,3.8628360025096313,0.0,0.0
1567977362.9312372,3.861121013844661,0.0,0.0
1567977363.0313377,3.859281985570277,0.0,0.0
1567977363.1311388,3.857336688161201,0.0,0.0
1567977363.2313218,3.855300561318275,0.0,0.0
1567977363.3311157,3.8537586709155853,0.0,0.0
1567977363.4311278,3.8517487814242948,0.0,0.0
1567977363.5312667,3.8493910064489025,0.0,0.0
1567977363.6313093,3.8472746129251867,0.0,0.0
1567977363.7311933,3.8453432546267887,0.0,0.0
1567977363.8311007,3.843534293124307,0.0,0.0
1567977363.9311182,3.8416212345924414,0.0,0.0
1567977364.0311925,3.8396866176623146,0.0,0.0
1567977364.1311276,3.8379500027799747,0.0,0.0
1567977364.2312753,3.83630273034116,0.0,0.0
1567977364.3311968,3.834587986741262,0.0,0.0
1567977364.4311392,3.8327519848670164,0.0,0.0
1567977364.5311432,3.830860732397685,0.0,0.0
1567977364.6312582,3.828971471363346,0.0,0.0
1567977364.731201,3.8270309986232594,0.0,0.0
1567977364.831253,3.824987331757262,0.0,0.0
1567977364.9311366,3.822891110583809,0.0,0.0
1567977365.031205,3.820809031652283,0.0,0.0
1567977365.1313393,3.8187712314297926,0.0,0.0
1567977365.318601,3.815017985040477,0.0,0.0
1567977365.3313155,3.814763775018907,0.0,0.0
1567977365.4312794,3.812797045897355,0.0,0.0
1567977365.5311046,3.8108791421015304,0.0,0.0
1567977365.6312788,3.808973958647176,0.0,0.0
1567977365.7312906,3.8070521002992166,0.0,0.0
1567977365.8312385,3.8044547286923542,0.0,0.0
1567977365.9312181,3.802291916827624,0.0,0.0
1567977366.031282,3.8005928825929196,0.0,0.0
1567977366.1311808,3.798718976802288,0.0,0.0
1567977366.2312183,3.796693353831344,0.0,0.0
1567977366.331188,3.7945879278109587,0.0,0.0
1567977366.4311118,3.7926458519622273,0.0,0.0
1567977366.5311532,3.7907963774359814,0.0,0.0
1567977366.6312108,3.788761598323971,0.0,0.0
1567977366.731239,3.7865700563373252,0.0,0.0
1567977366.8312101,3.7843710294049266,0.0,0.0
1567977366.9311452,3.782221217079517,0.0,0.0
1567977367.0311584,3.7800561350119057,0.0,0.0
1567977367.1311839,3.7778117296205522,0.0,0.0
1567977367.2312565,3.775546590909453,0.0,0.0
1567977367.3311965,3.773344592481026,0.0,0.0
1567977367.4311624,3.7711953673116376,0.0,0.0
1567977367.5312424,3.769043851522932,0.0,0.0
1567977367.631209,3.766872680618288,0.0,0.0
1567977367.7313254,3.7646976044127527,0.0,0.0
1567977367.831176,3.7625418050749637,0.0,0.0
1567977367.9311082,3.7603717210488057,0.0,0.0
1567977368.0313172,3.758153333068078,0.0,0.0
1567977368.131209,3.7559017232670033,0.0,0.0
1567977368.2313151,3.753623352492337,0.0,0.0
1567977368.3311357,3.751339041766901,0.0,0.0
1567977368.4311187,3.749032737026816,0.0,0.0
1567977368.5311358,3.7467082847481876,0.0,0.0
1567977368.6314306,3.7443764112786493,0.0,0.0
1567977368.7313585,3.7420631354045497,0.0,0.0
1567977368.8312538,3.7397611054162976,0.0,0.0
1567977368.9311798,3.7374623163564973,0.0,0.0
1567977369.0312433,3.735773229034802,0.0,0.0
1567977369.1311424,3.733614210771563,0.0,0.0
1567977369.231227,3.7309151564737384,0.0,0.0
1567977369.331244,3.7283390884059635,0.0,0.0
1567977369.4312458,3.7258616470703156,0.0,0.0
1567977369.5311544,3.723428087763052,0.0,0.0
1567977369.6311793,3.7208407419924026,0.0,0.0
1567977369.7311935,3.7181632592258502,0.0,0.0
1567977369.8311863,3.7156504022703025,0.0,0.0
1567977369.931223,3.713295129334778,0.0,0.0
1567977370.0311353,3.71097026345433,0.0,0.0
1567977370.1311018,3.7086076000880457,0.0,0.0
1567977370.2312582,3.7062367691368294,0.0,0.0
1567977370.3313332,3.7039119787671986,0.0,0.0
1567977370.4312031,3.7015904898532277,0.0,0.0
1567977370.5312169,3.6991906534221712,0.0,0.0
1567977370.6312025,3.6967055341417705,0.0,0.0
1567977370.7313654,3.6941673915581283,0.0,0.0
1567977370.831299,3.6916157370299523,0.0,0.0
1567977370.931177,3.6890429856422617,0.0,0.0
1567977371.0312905,3.686438251065484,0.0,0.0
1567977371.1313438,3.683835256436856,0.0,0.0
1567977371.2312014,3.6812706094864325,0.0,0.0
1567977371.3313277,3.6787451431364175,0.0,0.0
1567977371.4312139,3.676262676717087,0.0,0.0
1567977371.5313003,3.673801160096138,0.0,0.0
1567977371.6311984,3.671368099100725,0.0,0.0
1567977371.731124,3.6689514948771453,0.0,0.0
1567977371.8313406,3.666526154223787,0.0,0.0
1567977371.9313028,3.6640869921510877,0.0,0.0
1567977372.0313299,3.661614525259729,0.0,0.0
1567977372.1312342,3.659111628111962,0.0,0.0
1567977372.2312975,3.6565723768915994,0.0,0.0
1567977372.331213,3.6540066813486334,0.0,0.0
1567977372.431198,3.6514182464814873,0.0,0.0
1567977372.5311415,3.648820931279719,0.0,0.0
1567977372.6311653,3.646223454107149,0.0,0.0
1567977372.7312372,3.643635906835989,0.0,0.0
1567977372.8311288,3.641070108364241,0.0,0.0
1567977372.9311886,3.638518716107356,0.0,0.0
1567977373.0312133,3.6359848508441512,0.0,0.0
1567977373.1311398,3.633464425439744,0.0,0.0
1567977373.231119,3.6309454683094877,0.0,0.0
1567977373.3311188,3.6284197148403017,0.0,0.0
1567977373.4311423,3.6258768934142687,0.0,0.0
1567977373.5311155,3.6233124342076497,0.0,0.0
1567977373.6312492,3.620717576273453,0.0,0.0
1567977373.7312613,3.6180980517071504,0.0,0.0
1567977373.8313363,3.6154515700270853,0.0,0.0
1567977373.9312994,3.6127882126732285,0.0,0.0
1567977374.0311449,3.6101151476106352,0.0,0.0
1567977374.1311727,3.6074309741480786,0.0,0.0
1567977374.2312875,3.6047446707631305,0.0,0.0
1567977374.3313534,3.602063356266461,0.0,0.0
1567977374.4313393,3.5993889638456693,0.0,0.0
1567977374.531133,3.596722564836096,0.0,0.0
1567977374.6311617,3.5940644866468237,0.0,0.0
1567977374.731288,3.591453153583931,0.0,0.0
1567977374.8311002,3.589254072507499,0.0,0.0
1567977374.9311416,3.5884118061261514,0.0,0.0
1567977375.0311294,3.5867026109268885,0.0,0.0
1567977375.1311677,3.5858422961810614,0.0,0.0
1567977375.231282,3.584655308598956,0.0,0.0
1567977375.3312833,3.584036280441568,0.0,0.0
1567977375.4312887,3.5829242625035285,0.0,0.0
1567977375.5312448,3.582235889601959,0.0,0.0
1567977375.6311085,3.580827609274454,0.0,0.0
1567977375.7311168,3.5798293269885963,0.0,0.0
1567977375.8311498,3.5780482279807178,0.0,0.0
1567977375.9312587,3.5766978020927382,0.0,0.0
1567977376.031328,3.5744903972781312,0.0,0.0
1567977376.1312516,3.5727564098658995,0.0,0.0
1567977376.2311993,3.5700803619685146,0.0,0.0
1567977376.3312316,3.567942240675178,0.0,0.0
1567977376.4311292,3.5647590453828712,0.0,0.0
1567977376.5312216,3.5621706780362974,0.0,0.0
1567977376.6312456,3.5583866645462336,0.0,0.0
1567977376.731125,3.5552919892031696,0.0,0.0
1567977376.8311238,3.550869580155764,0.0,0.0
1567977376.931298,3.547329368733539,0.0,0.0
1567977377.0311337,3.5422310080770565,0.0,0.0
1567977377.131112,3.5378781589908037,0.0,0.0
1567977377.231295,3.5314905821845137,0.0,0.0
1567977377.331223,3.5253741336760154,0.0,0.0
1567977377.4312425,3.5165175624453013,0.0,0.0
1567977377.5312335,3.507713652903176,0.0,0.0
1567977377.6311913,3.496567298603093,0.0,0.0
1567977377.7311842,3.4859932670075686,0.0,0.0
1567977377.8311653,3.4734233056912576,0.0,0.0
1567977377.9312654,3.4618157940366476,0.0,0.0
1567977378.031357,3.448323818163118,0.0,0.0
1567977378.131359,3.4360363126605638,0.0,0.0
1567977378.231123,3.421914361486717,0.0,0.0
1567977378.3313,3.4090836809576874,0.0,0.0
1567977378.431301,3.394571327977248,0.0,0.0
1567977378.5312862,3.3815861970173806,0.0,0.0
1567977378.6311264,3.3669850881080112,0.0,0.0
1567977378.731188,3.3539859743611053,0.0,0.0
1567977378.831101,3.339389091034203,0.0,0.0
1567977378.9312465,3.326440706296083,0.0,0.0
1567977379.0311356,3.3119616140809995,0.0,0.0
1567977379.131236,3.2992011386274935,0.0,0.0
1567977379.2311993,3.2849414528242598,0.0,0.0
1567977379.3311274,3.2724526767437396,0.0,0.0
1567977379.43135,3.258408325321998,0.0,0.0
1567977379.531316,3.246256826053143,0.0,0.0
1567977379.6313183,3.2326340896298245,0.0,0.0
1567977379.7312992,3.2209194789421414,0.0,0.0
1567977379.8311417,3.207849191228494,0.0,0.0
1567977379.9313307,3.1966584690011324,0.0,0.0
1567977380.0313354,3.1841484145778214,0.0,0.0
1567977380.1311243,3.173602584281088,0.0,0.0
1567977380.2313318,3.1617489551544384,0.0,0.0
1567977380.3311822,3.151938362331274,0.0,0.0
1567977380.4311335,3.1408921536795322,0.0,0.0
1567977380.531182,3.1318081693838984,0.0,0.0
1567977380.6313372,3.121550999389193,0.0,0.0
1567977380.7311678,3.1133434518378174,0.0,0.0
1567977380.8312685,3.1040196406181924,0.0,0.0
1567977380.931222,3.096737050831564,0.0,0.0
1567977381.0311756,3.0884800765502565,0.0,0.0
1567977381.1311147,3.08214817780455,0.0,0.0
1567977381.2313452,3.074890320838824,0.0,0.0
1567977381.3312466,3.0696399479438075,0.0,0.0
1567977381.4311845,3.0635508048020927,0.0,0.0
1567977381.5312834,3.0593909171021227,0.0,0.0
1567977381.6312344,3.0544228297205365,0.0,0.0
1567977381.7312129,3.051283632989808,0.0,0.0
1567977381.8312962,3.047357702080454,0.0,0.0
1567977381.9311166,3.045255649210965,0.0,0.0
1567977382.0311568,3.0424171375924587,0.0,0.0
1567977382.1313298,3.0412981041142366,0.0,0.0
1567977382.231302,3.039357832461988,0.0,0.0
1567977382.3311946,3.0390517586064316,0.0,0.0
1567977382.4311984,3.0378666749085355,0.0,0.0
1567977382.531336,3.038219208737079,0.0,0.0
1567977382.6311302,3.037567974977442,0.0,0.0
1567977382.7311728,3.038329609824025,0.0,0.0
1567977382.8311222,3.0380504327254254,0.0,0.0
1567977382.9311662,3.0390621322871674,0.0,0.0
1567977383.0313938,3.0389269390827316,0.0,0.0
1567977383.1312664,3.0399848598888983,0.0,0.0
1567977383.2312398,3.0397993573576922,0.0,0.0
1567977383.331346,3.0408027546673218,0.0,0.0
1567977383.4311197,3.0405238989825083,0.0,0.0
1567977383.5313034,3.026952061049304,0.0,0.0
1567977383.6311157,3.0032260028397495,0.0,0.0
1567977383.7312179,2.9861037262833108,0.0,0.0
1567977383.8312035,2.9707614669574447,0.0,0.0
1567977383.9312575,2.9598614439218203,0.0,0.0
1567977384.0312529,2.9492801094129337,0.0,0.0
1567977384.1312778,2.940482242673074,0.0,0.0
1567977384.2312667,2.9295661319951627,0.0,0.0
1567977384.3311589,2.920393992411544,0.0,0.0
1567977384.4311137,2.9101854096657362,0.0,0.0
1567977384.5311997,2.9026469140472635,0.0,0.0
1567977384.6313004,2.8947723584284315,0.0,0.0
1567977384.7312505,2.8893203260535145,0.0,0.0
1567977384.8312094,2.8830672759968987,0.0,0.0
1567977384.9311657,2.878659466176158,0.0,0.0
1567977385.0313501,2.8733747354170305,0.0,0.0
1567977385.1313503,2.8699831652213295,0.0,0.0
1567977385.231245,2.865968618139341,0.0,0.0
1567977385.3311133,2.8638594206178496,0.0,0.0
1567977385.4311547,2.861218685584449,0.0,0.0
1567977385.5311892,2.8603499919867303,0.0,0.0
1567977385.6312106,2.858864473220679,0.0,0.0
1567977385.7311842,2.8590904342311614,0.0,0.0
1567977385.831119,2.8586774476406305,0.0,0.0
1567977385.9311898,2.8598769192711817,0.0,0.0
1567977386.0311866,2.86030545868371,0.0,0.0
1567977386.1313212,2.8622739856901855,0.0,0.0
1567977386.2311347,2.863354785747001,0.0,0.0
1567977386.3312573,2.865836361111432,0.0,0.0
1567977386.4312065,2.867283929378413,0.0,0.0
1567977386.531121,2.8700387723115135,0.0,0.0
1567977386.63121,2.8715993278043808,0.0,0.0
1567977386.7311382,2.8743600500592894,0.0,0.0
1567977386.8312364,2.875865214434686,0.0,0.0
1567977386.931361,2.878505697223769,0.0,0.0
1567977387.0312736,2.879827120474454,0.0,0.0
1567977387.1311953,2.8822685989999357,0.0,0.0
1567977387.2311625,2.8834026483382296,0.0,0.0
1567977387.331107,2.8856311371865626,0.0,0.0
1567977387.431193,2.8865833805639696,0.0,0.0
1567977387.5312862,2.888667358796564,0.0,0.0
1567977387.6312041,2.889387759897854,0.0,0.0
1567977387.731201,2.891228709808125,0.0,0.0
1567977387.8311841,2.891781064178616,0.0,0.0
1567977387.9311233,2.8934634806452664,0.0,0.0
1567977388.0311804,2.89386153109408,0.0,0.0
1567977388.1311169,2.8953864197739527,0.0,0.0
1567977388.231129,2.8956654463096463,0.0,0.0
1567977388.331252,2.8970643742568214,0.0,0.0
1567977388.4313178,2.8972009860979355,0.0,0.0
1567977388.5313587,2.898543819579258,0.0,0.0
1567977388.631234,2.8985626319867865,0.0,0.0
1567977388.731203,2.8997383477818737,0.0,0.0
1567977388.8311977,2.899656253817538,0.0,0.0
1567977388.9311733,2.9007145748124827,0.0,0.0
1567977389.031218,2.9005596806457916,0.0,0.0
1567977389.1311023,2.9015673272545452,0.0,0.0
1567977389.2313278,2.9013729933050207,0.0,0.0
1567977389.3311014,2.9023677596464292,0.0,0.0
1567977389.431199,2.9021476176815444,0.0,0.0
1567977389.5311224,2.9031075738713685,0.0,0.0
1567977389.6312313,2.9028321539841873,0.0,0.0
1567977389.7311075,2.9037296056159843,0.0,0.0
1567977389.8313472,2.9034465797752134,0.0,0.0
1567977389.9312263,2.90438884383431,0.0,0.0
1567977390.0311155,2.904119559659584,0.0,0.0
1567977390.1312654,2.9050498532779567,0.0,0.0
1567977390.2311554,2.9047929450700813,0.0,0.0
1567977390.3312583,2.9057049330910942,0.0,0.0
1567977390.4312255,2.905413459570891,0.0,0.0
1567977390.5313401,2.9063700365020377,0.0,0.0
1567977390.631338,2.906086818445946,0.0,0.0
1567977390.7312353,2.906990141926375,0.0,0.0
1567977390.8311713,2.90663731870651,0.0,0.0
1567977390.9311018,2.907446297959247,0.0,0.0
1567977391.0311234,2.9214246230785275,0.0,0.0
1567977391.131142,2.945451798935215,0.0,0.0
1567977391.2311833,2.96268230150422,0.0,0.0
1567977391.3311152,2.978126386556056,0.0,0.0
1567977391.4311755,2.9890600133991647,0.0,0.0
1567977391.5311759,2.9995985898365625,0.0,0.0
1567977391.6312344,3.0084148807409594,0.0,0.0
1567977391.7312787,3.0194119484241018,0.0,0.0
1567977391.8312206,3.0286665606662915,0.0,0.0
1567977391.9311595,3.0389928192646867,0.0,0.0
1567977392.0313199,3.0466685598962737,0.0,0.0
1567977392.1311166,3.054595375059069,0.0,0.0
1567977392.2313561,3.0601172323772587,0.0,0.0
1567977392.3311563,3.066379316518141,0.0,0.0
1567977392.4313548,3.070806425439521,0.0,0.0
1567977392.53113,3.0761079100723734,0.0,0.0
1567977392.6311266,3.0795531492958155,0.0,0.0
1567977392.731344,3.0836694974764516,0.0,0.0
1567977392.8313448,3.0858325765859114,0.0,0.0
1567977392.9311633,3.0886911643579147,0.0,0.0
1567977393.0311794,3.089799506816913,0.0,0.0
1567977393.1312017,3.0917059553358275,0.0,0.0
1567977393.2311306,3.0920221257071905,0.0,0.0
1567977393.33113,3.0931508021389913,0.0,0.0
1567977393.4312112,3.09273473619751,0.0,0.0
1567977393.5313044,3.093258384405818,0.0,0.0
1567977393.6312106,3.092358849504354,0.0,0.0
1567977393.7311382,3.0925021687220315,0.0,0.0
1567977393.8311648,3.0913109473626275,0.0,0.0
1567977393.9313507,3.0912313150285993,0.0,0.0
1567977394.0312257,3.089810954311858,0.0,0.0
1567977394.1312091,3.089553138963714,0.0,0.0
1567977394.2311513,3.08810297794491,0.0,0.0
1567977394.3314292,3.087897142420358,0.0,0.0
1567977394.43133,3.0864468293589766,0.0,0.0
1567977394.5311556,3.0719886791494027,0.0,0.0
1567977394.6311886,3.0476626566213003,0.0,0.0
1567977394.7313375,3.030230453423963,0.0,0.0
1567977394.8312824,3.028946969913683,0.0,0.0
1567977394.9313116,3.042223615375157,0.0,0.0
1567977395.0313158,3.052887719813855,0.0,0.0
1567977395.1313152,3.062209453239385,0.0,0.0
1567977395.2311008,3.066670607914883,0.0,0.0
1567977395.3312075,3.0702105688245958,0.0,0.0
1567977395.4311337,3.072726669260364,0.0,0.0
1567977395.5311007,3.078137826711586,0.0,0.0
1567977395.6312592,3.095934207012789,0.0,0.0
1567977395.7311563,3.121742241611802,0.0,0.0
1567977395.8312054,3.1396401707763815,0.0,0.0
1567977395.9311383,3.155067388712995,0.0,0.0
1567977396.031117,3.1656758718205147,0.0,0.0
1567977396.1312625,3.1759365211973645,0.0,0.0
1567977396.2311974,3.1850376568065926,0.0,0.0
1567977396.33123,3.1966137317675027,0.0,0.0
1567977396.431255,3.210780496785194,0.0,0.0
1567977396.53127,3.213662870855879,0.0,0.0
1567977396.6311371,3.201633799898447,0.0,0.0
1567977396.7311535,3.1914776594951686,0.0,0.0
1567977396.8312213,3.1809654619247816,0.0,0.0
1567977396.931214,3.173300120123157,0.0,0.0
1567977397.0312457,3.1658764923704528,0.0,0.0
1567977397.1313338,3.15979728578597,0.0,0.0
1567977397.2311964,3.1508527766931653,0.0,0.0
1567977397.3311152,3.142850008177204,0.0,0.0
1567977397.4311154,3.1336913511649627,0.0,0.0
1567977397.5311694,3.1266580965286366,0.0,0.0
1567977397.631326,3.1189335159385845,0.0,0.0
1567977397.7312696,3.11331543670849,0.0,0.0
1567977397.8311458,3.1065831518218907,0.0,0.0
1567977397.9311872,3.1014188911039575,0.0,0.0
1567977398.0313287,3.095145239948902,0.0,0.0
1567977398.1311579,3.090675835983525,0.0,0.0
1567977398.2313175,3.085302387967163,0.0,0.0
1567977398.3312461,3.08177733025361,0.0,0.0
1567977398.4311955,3.0774000601858607,0.0,0.0
1567977398.5311153,3.074712246728719,0.0,0.0
1567977398.6311362,3.0711709719300977,0.0,0.0
1567977398.7312963,3.0692888124153406,0.0,0.0
1567977398.8313222,3.066586783618307,0.0,0.0
1567977398.931124,3.0655812531556723,0.0,0.0
1567977399.0312889,3.06370979478387,0.0,0.0
1567977399.1311855,3.0634087188716848,0.0,0.0
1567977399.2312453,3.062235700796558,0.0,0.0
1567977399.3312619,3.0625726332957175,0.0,0.0
1567977399.4311006,3.061948379957343,0.0,0.0
1567977399.5311859,3.062674068009315,0.0,0.0
1567977399.6311338,3.062366597112918,0.0,0.0
1567977399.7312317,3.0633428181638873,0.0,0.0
1567977399.831115,3.063208642251233,0.0,0.0
1567977399.931176,3.0643186175299544,0.0,0.0
1567977400.0312848,3.0642455890020432,0.0,0.0
1567977400.1313486,3.0653744319766876,0.0,0.0
1567977400.2312233,3.0652752546919153,0.0,0.0
1567977400.3312302,3.0663320384680297,0.0,0.0
1567977400.4312787,3.0661149322411774,0.0,0.0
1567977400.5312104,3.0670273215354573,0.0,0.0
1567977400.6312068,3.0810775324763107,0.0,0.0
1567977400.73123,3.1051473531136633,0.0,0.0
1567977400.8311138,3.1223216217623566,0.0,0.0
1567977400.93127,3.1377521976920644,0.0,0.0
1567977401.031294,3.1486120973779954,0.0,0.0
1567977401.131134,3.1590536072951885,0.0,0.0
1567977401.2312083,3.1677812829651035,0.0,0.0
1567977401.3311672,3.1786325025304336,0.0,0.0
1567977401.4312248,3.1877632318541096,0.0,0.0
1567977401.5311775,3.1976907835018054,0.0,0.0
1567977401.631143,3.20688725720556,0.0,0.0
1567977401.7312262,3.2029563874949964,0.0,0.0
1567977401.831247,3.185575087991227,0.0,0.0
1567977401.9313447,3.172130382662699,0.0,0.0
1567977402.0311358,3.1592326406423847,0.0,0.0
1567977402.1312664,3.1495721981623284,0.0,0.0
1567977402.2311985,3.139677077738547,0.0,0.0
1567977402.3312178,3.131311741211432,0.0,0.0
1567977402.4311528,3.1206023435261745,0.0,0.0
1567977402.531129,3.1112799241546547,0.0,0.0
1567977402.631291,3.1008362318628,0.0,0.0
1567977402.7311764,3.0927854812988045,0.0,0.0
1567977402.831216,3.084113020416236,0.0,0.0
1567977402.931142,3.077665016456322,0.0,0.0
1567977403.0313525,3.069344801304837,0.0,0.0
1567977403.1312165,3.04946130827231,0.0,0.0
1567977403.2311106,3.022412495391782,0.0,0.0
1567977403.331166,3.003494205145085,0.0,0.0
1567977403.4311597,2.9868338146009226,0.0,0.0
1567977403.5311105,2.9751730219712478,0.0,0.0
1567977403.631153,2.964084417044555,0.0,0.0
1567977403.7311976,2.9540831096231823,0.0,0.0
1567977403.8311794,2.94162127920608,0.0,0.0
1567977403.931209,2.931204910174932,0.0,0.0
1567977404.0311937,2.919769948827412,0.0,0.0
1567977404.1311488,2.9112195424122653,0.0,0.0
1567977404.2312586,2.902491083885142,0.0,0.0
1567977404.3311882,2.8962619166134296,0.0,0.0
1567977404.4311993,2.8889900456811723,0.0,0.0
1567977404.531258,2.883591173638413,0.0,0.0
1567977404.6312864,2.877219395598674,0.0,0.0
1567977404.7311292,2.8728625972656943,0.0,0.0
1567977404.8313215,2.867896205414368,0.0,0.0
